2025-10-20 11:28:47 0 [Note] Starting MariaDB 10.4.32-MariaDB source revision c4143f909528e3fab0677a28631d10389354c491 as process 9020
2025-10-20 11:28:47 0 [Note] InnoDB: Mutexes and rw_locks use Windows interlocked functions
2025-10-20 11:28:47 0 [Note] InnoDB: Uses event mutexes
2025-10-20 11:28:47 0 [Note] InnoDB: Compressed tables use zlib 1.3
2025-10-20 11:28:47 0 [Note] InnoDB: Number of pools: 1
2025-10-20 11:28:47 0 [Note] InnoDB: Using SSE2 crc32 instructions
2025-10-20 11:28:47 0 [Note] InnoDB: Initializing buffer pool, total size = 16M, instances = 1, chunk size = 16M
2025-10-20 11:28:47 0 [Note] InnoDB: Completed initialization of buffer pool
2025-10-20 11:28:47 0 [Note] InnoDB: Starting crash recovery from checkpoint LSN=300288
2025-10-20 11:28:47 0 [Note] InnoDB: 128 out of 128 rollback segments are active.
2025-10-20 11:28:47 0 [Note] InnoDB: Removed temporary tablespace data file: "ibtmp1"
2025-10-20 11:28:47 0 [Note] InnoDB: Creating shared tablespace for temporary tables
2025-10-20 11:28:47 0 [Note] InnoDB: Setting file 'C:\xampp\mysql\data\ibtmp1' size to 12 MB. Physically writing the file full; Please wait ...
2025-10-20 11:28:47 0 [Note] InnoDB: File 'C:\xampp\mysql\data\ibtmp1' size is now 12 MB.
2025-10-20 11:28:47 0 [Note] InnoDB: Waiting for purge to start
2025-10-20 11:28:48 0 [Note] InnoDB: 10.4.32 started; log sequence number 300297; transaction id 170
2025-10-20 11:28:48 0 [Note] InnoDB: Loading buffer pool(s) from C:\xampp\mysql\data\ib_buffer_pool
2025-10-20 11:28:48 0 [Note] Plugin 'FEEDBACK' is disabled.
2025-10-20 11:28:48 0 [Note] Server socket created on IP: '::'.
2025-10-20 13:17:55 0 [Note] Starting MariaDB 10.4.32-MariaDB source revision c4143f909528e3fab0677a28631d10389354c491 as process 11520
2025-10-20 13:17:55 0 [Note] mysqld.exe: Aria engine: starting recovery
recovered pages: 0% 25% 36% 100% (0.0 seconds); tables to flush: 1 0
 (0.0 seconds); 
2025-10-20 13:17:55 0 [Note] mysqld.exe: Aria engine: recovery done
2025-10-20 13:17:55 0 [Note] InnoDB: Mutexes and rw_locks use Windows interlocked functions
2025-10-20 13:17:55 0 [Note] InnoDB: Uses event mutexes
2025-10-20 13:17:55 0 [Note] InnoDB: Compressed tables use zlib 1.3
2025-10-20 13:17:55 0 [Note] InnoDB: Number of pools: 1
2025-10-20 13:17:55 0 [Note] InnoDB: Using SSE2 crc32 instructions
2025-10-20 13:17:55 0 [Note] InnoDB: Initializing buffer pool, total size = 16M, instances = 1, chunk size = 16M
2025-10-20 13:17:55 0 [Note] InnoDB: Completed initialization of buffer pool
2025-10-20 13:17:55 0 [Note] InnoDB: Starting crash recovery from checkpoint LSN=768560
2025-10-20 13:17:55 0 [Note] InnoDB: 128 out of 128 rollback segments are active.
2025-10-20 13:17:55 0 [Note] InnoDB: Removed temporary tablespace data file: "ibtmp1"
2025-10-20 13:17:55 0 [Note] InnoDB: Creating shared tablespace for temporary tables
2025-10-20 13:17:55 0 [Note] InnoDB: Setting file 'C:\xampp\mysql\data\ibtmp1' size to 12 MB. Physically writing the file full; Please wait ...
2025-10-20 13:17:55 0 [Note] InnoDB: File 'C:\xampp\mysql\data\ibtmp1' size is now 12 MB.
2025-10-20 13:17:55 0 [Note] InnoDB: Waiting for purge to start
2025-10-20 13:17:55 0 [Note] InnoDB: 10.4.32 started; log sequence number 768569; transaction id 408
2025-10-20 13:17:55 0 [Note] InnoDB: Loading buffer pool(s) from C:\xampp\mysql\data\ib_buffer_pool
2025-10-20 13:17:55 0 [Note] Plugin 'FEEDBACK' is disabled.
2025-10-20 13:17:55 0 [Note] Server socket created on IP: '::'.
2025-10-202025-10-21  8:41:51 0 [Note] Starting MariaDB 10.4.32-MariaDB source revision c4143f909528e3fab0677a28631d10389354c491 as process 8800
2025-10-21  8:41:51 0 [Note] InnoDB: Mutexes and rw_locks use Windows interlocked functions
2025-10-21  8:41:51 0 [Note] InnoDB: Uses event mutexes
2025-10-21  8:41:51 0 [Note] InnoDB: Compressed tables use zlib 1.3
2025-10-21  8:41:51 0 [Note] InnoDB: Number of pools: 1
2025-10-21  8:41:51 0 [Note] InnoDB: Using SSE2 crc32 instructions
2025-10-21  8:41:51 0 [Note] InnoDB: Initializing buffer pool, total size = 16M, instances = 1, chunk size = 16M
2025-10-21  8:41:51 0 [Note] InnoDB: Completed initialization of buffer pool
2025-10-21  8:41:51 0 [Note] InnoDB: Starting crash recovery from checkpoint LSN=768578
2025-10-21  8:41:52 0 [Note] InnoDB: 128 out of 128 rollback segments are active.
2025-10-21  8:41:52 0 [Note] InnoDB: Removed temporary tablespace data file: "ibtmp1"
2025-10-21  8:41:52 0 [Note] InnoDB: Creating shared tablespace for temporary tables
2025-10-21  8:41:52 0 [Note] InnoDB: Setting file 'C:\xampp\mysql\data\ibtmp1' size to 12 MB. Physically writing the file full; Please wait ...
2025-10-21  8:41:52 0 [Note] InnoDB: File 'C:\xampp\mysql\data\ibtmp1' size is now 12 MB.
2025-10-21  8:41:52 0 [Note] InnoDB: Waiting for purge to start
2025-10-21  8:41:52 0 [Note] InnoDB: 10.4.32 started; log sequence number 768587; transaction id 408
2025-10-21  8:41:52 0 [Note] InnoDB: Loading buffer pool(s) from C:\xampp\mysql\data\ib_buffer_pool
2025-10-21  8:41:52 0 [Note] Plugin 'FEEDBACK' is disabled.
2025-10-21  8:41:52 0 [Note] InnoDB: Buffer pool(s) load completed at 251021  8:41:52
2025-10-21  8:41:52 0 [Note] Server socket created on IP: '::'.
2025-10-21 13:10:00 0 [Note] Starting MariaDB 10.4.32-MariaDB source revision c4143f909528e3fab0677a28631d10389354c491 as process 21196
2025-10-21 13:10:00 0 [Note] InnoDB: Mutexes and rw_locks use Windows interlocked functions
2025-10-21 13:10:00 0 [Note] InnoDB: Uses event mutexes
2025-10-21 13:10:00 0 [Note] InnoDB: Compressed tables use zlib 1.3
2025-10-21 13:10:00 0 [Note] InnoDB: Number of pools: 1
2025-10-21 13:10:00 0 [Note] InnoDB: Using SSE2 crc32 instructions
2025-10-21 13:10:00 0 [Note] InnoDB: Initializing buffer pool, total size = 16M, instances = 1, chunk size = 16M
2025-10-21 13:10:00 0 [Note] InnoDB: Completed initialization of buffer pool
2025-10-21 13:10:00 0 [Note] InnoDB: Starting crash recovery from checkpoint LSN=770895
2025-10-21 13:10:00 0 [Note] InnoDB: 128 out of 128 rollback segments are active.
2025-10-21 13:10:00 0 [Note] InnoDB: Removed temporary tablespace data file: "ibtmp1"
2025-10-21 13:10:00 0 [Note] InnoDB: Creating shared tablespace for temporary tables
2025-10-21 13:10:00 0 [Note] InnoDB: Setting file 'C:\xampp\mysql\data\ibtmp1' size to 12 MB. Physically writing the file full; Please wait ...
2025-10-21 13:10:00 0 [Note] InnoDB: File 'C:\xampp\mysql\data\ibtmp1' size is now 12 MB.
2025-10-21 13:10:00 0 [Note] InnoDB: Waiting for purge to start
2025-10-21 13:10:00 0 [Note] InnoDB: 10.4.32 started; log sequence number 770904; transaction id 445
2025-10-21 13:10:00 0 [Note] InnoDB: Loading buffer pool(s) from C:\xampp\mysql\data\ib_buffer_pool
2025-10-21 13:10:00 0 [Note] Plugin 'FEEDBACK' is disabled.
2025-10-21 13:10:00 0 [Note] InnoDB: Buffer pool(s) load completed at 251021 13:10:00
2025-10-21 13:10:01 0 [Note] Server socket created on IP: '::'.
2025-10-21 18:27:16 0 [Note] Starting MariaDB 10.4.32-MariaDB source revision c4143f909528e3fab0677a28631d10389354c491 as process 14004
2025-10-21 18:27:16 0 [Note] InnoDB: Mutexes and rw_locks use Windows interlocked functions
2025-10-21 18:27:16 0 [Note] InnoDB: Uses event mutexes
2025-10-21 18:27:16 0 [Note] InnoDB: Compressed tables use zlib 1.3
2025-10-21 18:27:16 0 [Note] InnoDB: Number of pools: 1
2025-10-21 18:27:16 0 [Note] InnoDB: Using SSE2 crc32 instructions
2025-10-21 18:27:16 0 [Note] InnoDB: Initializing buffer pool, total size = 16M, instances = 1, chunk size = 16M
2025-10-21 18:27:16 0 [Note] InnoDB: Completed initialization of buffer pool
2025-10-21 18:27:16 0 [Note] InnoDB: Starting crash recovery from checkpoint LSN=772476
2025-10-21 18:27:16 0 [Note] InnoDB: 128 out of 128 rollback segments are active.
2025-10-21 18:27:16 0 [Note] InnoDB: Removed temporary tablespace data file: "ibtmp1"
2025-10-21 18:27:16 0 [Note] InnoDB: Creating shared tablespace for temporary tables
2025-10-21 18:27:16 0 [Note] InnoDB: Setting file 'C:\xampp\mysql\data\ibtmp1' size to 12 MB. Physically writing the file full; Please wait ...
2025-10-21 18:27:16 0 [Note] InnoDB: File 'C:\xampp\mysql\data\ibtmp1' size is now 12 MB.
2025-10-21 18:27:16 0 [Note] InnoDB: Waiting for purge to start
2025-10-21 18:27:16 0 [Note] InnoDB: 10.4.32 started; log sequence number 772485; transaction id 476
2025-10-21 18:27:16 0 [Note] InnoDB: Loading buffer pool(s) from C:\xampp\mysql\data\ib_buffer_pool
2025-10-21 18:27:16 0 [Note] Plugin 'FEEDBACK' is disabled.
2025-10-21 18:27:16 0 [Note] Server socket created on IP: '::'.
2025-10-22  8:39:58 0 [Note] Starting MariaDB 10.4.32-MariaDB source revision c4143f909528e3fab0677a28631d10389354c491 as process 1820
2025-10-22  8:39:58 0 [Note] InnoDB: Mutexes and rw_locks use Windows interlocked functions
2025-10-22  8:39:58 0 [Note] InnoDB: Uses event mutexes
2025-10-22  8:39:58 0 [Note] InnoDB: Compressed tables use zlib 1.3
2025-10-22  8:39:58 0 [Note] InnoDB: Number of pools: 1
2025-10-22  8:39:58 0 [Note] InnoDB: Using SSE2 crc32 instructions
2025-10-22  8:39:58 0 [Note] InnoDB: Initializing buffer pool, total size = 16M, instances = 1, chunk size = 16M
2025-10-22  8:39:58 0 [Note] InnoDB: Completed initialization of buffer pool
2025-10-22  8:39:58 0 [Note] InnoDB: Starting crash recovery from checkpoint LSN=774854
2025-10-22  8:39:58 0 [Note] InnoDB: 128 out of 128 rollback segments are active.
2025-10-22  8:39:58 0 [Note] InnoDB: Removed temporary tablespace data file: "ibtmp1"
2025-10-22  8:39:58 0 [Note] InnoDB: Creating shared tablespace for temporary tables
2025-10-22  8:39:58 0 [Note] InnoDB: Setting file 'C:\xampp\mysql\data\ibtmp1' size to 12 MB. Physically writing the file full; Please wait ...
2025-10-22  8:39:58 0 [Note] InnoDB: File 'C:\xampp\mysql\data\ibtmp1' size is now 12 MB.
2025-10-22  8:39:58 0 [Note] InnoDB: Waiting for purge to start
2025-10-22  8:39:58 0 [Note] InnoDB: 10.4.32 started; log sequence number 774863; transaction id 509
2025-10-22  8:39:58 0 [Note] InnoDB: Loading buffer pool(s) from C:\xampp\mysql\data\ib_buffer_pool
2025-10-22  8:39:58 0 [Note] Plugin 'FEEDBACK' is disabled.
2025-10-22  8:39:58 0 [Note] InnoDB: Buffer pool(s) load completed at 251022  8:39:58
2025-10-22  8:39:58 0 [Note] Server socket created on IP: '::'.
2025-10-22  8:44:03 0 [Note] Starting MariaDB 10.4.32-MariaDB source revision c4143f909528e3fab0677a28631d10389354c491 as process 13236
2025-10-22  8:44:03 0 [Note] InnoDB: Mutexes and rw_locks use Windows interlocked functions
2025-10-22  8:44:03 0 [Note] InnoDB: Uses event mutexes
2025-10-22  8:44:03 0 [Note] InnoDB: Compressed tables use zlib 1.3
2025-10-22  8:44:03 0 [Note] InnoDB: Number of pools: 1
2025-10-22  8:44:03 0 [Note] InnoDB: Using SSE2 crc32 instructions
2025-10-22  8:44:03 0 [Note] InnoDB: Initializing buffer pool, total size = 16M, instances = 1, chunk size = 16M
2025-10-22  8:44:03 0 [Note] InnoDB: Completed initialization of buffer pool
2025-10-22  8:44:03 0 [Note] InnoDB: Starting crash recovery from checkpoint LSN=775189
2025-10-22  8:44:03 0 [Note] InnoDB: 128 out of 128 rollback segments are active.
2025-10-22  8:44:03 0 [Note] InnoDB: Removed temporary tablespace data file: "ibtmp1"
2025-10-22  8:44:03 0 [Note] InnoDB: Creating shared tablespace for temporary tables
2025-10-22  8:44:03 0 [Note] InnoDB: Setting file 'C:\xampp\mysql\data\ibtmp1' size to 12 MB. Physically writing the file full; Please wait ...
2025-10-22  8:44:03 0 [Note] InnoDB: File 'C:\xampp\mysql\data\ibtmp1' size is now 12 MB.
2025-10-22  8:44:03 0 [Note] InnoDB: Waiting for purge to start
2025-10-22  8:44:03 0 [Note] InnoDB: 10.4.32 started; log sequence number 775198; transaction id 533
2025-10-22  8:44:03 0 [Note] InnoDB: Loading buffer pool(s) from C:\xampp\mysql\data\ib_buffer_pool
2025-10-22  8:44:03 0 [Note] Plugin 'FEEDBACK' is disabled.
2025-10-22  8:44:03 0 [Note] Server socket created on IP: '::'.
2025-10-23  9:39:34 0 [Note] Starting MariaDB 10.4.32-MariaDB source revision c4143f909528e3fab0677a28631d10389354c491 as process 20552
2025-10-23  9:39:34 0 [Note] InnoDB: Mutexes and rw_locks use Windows interlocked functions
2025-10-23  9:39:34 0 [Note] InnoDB: Uses event mutexes
2025-10-23  9:39:34 0 [Note] InnoDB: Compressed tables use zlib 1.3
2025-10-23  9:39:34 0 [Note] InnoDB: Number of pools: 1
2025-10-23  9:39:34 0 [Note] InnoDB: Using SSE2 crc32 instructions
2025-10-23  9:39:34 0 [Note] InnoDB: Initializing buffer pool, total size = 16M, instances = 1, chunk size = 16M
2025-10-23  9:39:34 0 [Note] InnoDB: Completed initialization of buffer pool
2025-10-23  9:39:34 0 [Note] InnoDB: Starting crash recovery from checkpoint LSN=775760
2025-10-23  9:39:34 0 [Note] InnoDB: 128 out of 128 rollback segments are active.
2025-10-23  9:39:34 0 [Note] InnoDB: Removed temporary tablespace data file: "ibtmp1"
2025-10-23  9:39:34 0 [Note] InnoDB: Creating shared tablespace for temporary tables
2025-10-23  9:39:34 0 [Note] InnoDB: Setting file 'C:\xampp\mysql\data\ibtmp1' size to 12 MB. Physically writing the file full; Please wait ...
2025-10-23  9:39:34 0 [Note] InnoDB: File 'C:\xampp\mysql\data\ibtmp1' size is now 12 MB.
2025-10-23  9:39:34 0 [Note] InnoDB: Waiting for purge to start
2025-10-23  9:39:35 0 [Note] InnoDB: 10.4.32 started; log sequence number 775769; transaction id 558
2025-10-23  9:39:35 0 [Note] InnoDB: Loading buffer pool(s) from C:\xampp\mysql\data\ib_buffer_pool
2025-10-23  9:39:35 0 [Note] Plugin 'FEEDBACK' is disabled.
2025-10-23  9:39:35 0 [Note] InnoDB: Buffer pool(s) load completed at 251023  9:39:35
2025-10-23  9:39:35 0 [Note] Server socket created on IP: '::'.
2025-10-24 10:39:18 0 [Note] Starting MariaDB 10.4.32-MariaDB source revision c4143f909528e3fab0677a28631d10389354c491 as process 11376
2025-10-24 10:39:18 0 [Note] InnoDB: Mutexes and rw_locks use Windows interlocked functions
2025-10-24 10:39:18 0 [Note] InnoDB: Uses event mutexes
2025-10-24 10:39:18 0 [Note] InnoDB: Compressed tables use zlib 1.3
2025-10-24 10:39:18 0 [Note] InnoDB: Number of pools: 1
2025-10-24 10:39:18 0 [Note] InnoDB: Using SSE2 crc32 instructions
2025-10-24 10:39:18 0 [Note] InnoDB: Initializing buffer pool, total size = 16M, instances = 1, chunk size = 16M
2025-10-24 10:39:18 0 [Note] InnoDB: Completed initialization of buffer pool
2025-10-24 10:39:18 0 [Note] InnoDB: Starting crash recovery from checkpoint LSN=913998
2025-10-24 10:39:19 0 [Note] InnoDB: 128 out of 128 rollback segments are active.
2025-10-24 10:39:19 0 [Note] InnoDB: Removed temporary tablespace data file: "ibtmp1"
2025-10-24 10:39:19 0 [Note] InnoDB: Creating shared tablespace for temporary tables
2025-10-24 10:39:19 0 [Note] InnoDB: Setting file 'C:\xampp\mysql\data\ibtmp1' size to 12 MB. Physically writing the file full; Please wait ...
2025-10-24 10:39:19 0 [Note] InnoDB: File 'C:\xampp\mysql\data\ibtmp1' size is now 12 MB.
2025-10-24 10:39:19 0 [Note] InnoDB: Waiting for purge to start
2025-10-24 10:39:19 0 [Note] InnoDB: 10.4.32 started; log sequence number 914007; transaction id 690
2025-10-24 10:39:19 0 [Note] Plugin 'FEEDBACK' is disabled.
2025-10-24 10:39:19 0 [Note] InnoDB: Loading buffer pool(s) from C:\xampp\mysql\data\ib_buffer_pool
2025-10-24 10:39:19 0 [Note] InnoDB: Buffer pool(s) load completed at 251024 10:39:19
2025-10-24 10:39:19 0 [Note] Server socket created on IP: '::'.
2025-10-24 10:39:19 0 [Note] Reading of all Master_info entries succeeded
2025-10-24 10:39:19 0 [Note] Added new Master_info '' to hash table
2025-10-24 10:39:19 0 [Note] c:\xampp\mysql\bin\mysqld.exe: ready for connections.
Version: '10.4.32-MariaDB'  socket: ''  port: 3306  mariadb.org binary distribution
2025-10-26 10:39:02 0 [Note] Starting MariaDB 10.4.32-MariaDB source revision c4143f909528e3fab0677a28631d10389354c491 as process 7560
2025-10-26 10:39:02 0 [Note] InnoDB: Mutexes and rw_locks use Windows interlocked functions
2025-10-26 10:39:02 0 [Note] InnoDB: Uses event mutexes
2025-10-26 10:39:02 0 [Note] InnoDB: Compressed tables use zlib 1.3
2025-10-26 10:39:02 0 [Note] InnoDB: Number of pools: 1
2025-10-26 10:39:02 0 [Note] InnoDB: Using SSE2 crc32 instructions
2025-10-26 10:39:02 0 [Note] InnoDB: Initializing buffer pool, total size = 16M, instances = 1, chunk size = 16M
2025-10-26 10:39:02 0 [Note] InnoDB: Completed initialization of buffer pool
2025-10-26 10:39:02 0 [Note] InnoDB: Starting crash recovery from checkpoint LSN=934888
2025-10-26 10:39:03 0 [Note] InnoDB: 128 out of 128 rollback segments are active.
2025-10-26 10:39:03 0 [Note] InnoDB: Removed temporary tablespace data file: "ibtmp1"
2025-10-26 10:39:03 0 [Note] InnoDB: Creating shared tablespace for temporary tables
2025-10-26 10:39:03 0 [Note] InnoDB: Setting file 'C:\xampp\mysql\data\ibtmp1' size to 12 MB. Physically writing the file full; Please wait ...
2025-10-26 10:39:03 0 [Note] InnoDB: File 'C:\xampp\mysql\data\ibtmp1' size is now 12 MB.
2025-10-26 10:39:03 0 [Note] InnoDB: Waiting for purge to start
2025-10-26 10:39:03 0 [Note] InnoDB: 10.4.32 started; log sequence number 934897; transaction id 788
2025-10-26 10:39:03 0 [Note] Plugin 'FEEDBACK' is disabled.
2025-10-26 10:39:03 0 [Note] InnoDB: Loading buffer pool(s) from C:\xampp\mysql\data\ib_buffer_pool
2025-10-26 10:39:03 0 [Note] InnoDB: Buffer pool(s) load completed at 251026 10:39:03
2025-10-26 10:39:03 0 [Note] Server socket created on IP: '::'.
2025-10-27 10:36:51 0 [Note] Starting MariaDB 10.4.32-MariaDB source revision c4143f909528e3fab0677a28631d10389354c491 as process 17304
2025-10-27 10:36:51 0 [Note] mysqld.exe: Aria engine: starting recovery
recovered pages: 0% 100% (0.0 seconds); 
2025-10-27 10:36:51 0 [Note] mysqld.exe: Aria engine: recovery done
2025-10-27 10:36:51 0 [Note] InnoDB: Mutexes and rw_locks use Windows interlocked functions
2025-10-27 10:36:51 0 [Note] InnoDB: Uses event mutexes
2025-10-27 10:36:51 0 [Note] InnoDB: Compressed tables use zlib 1.3
2025-10-27 10:36:51 0 [Note] InnoDB: Number of pools: 1
2025-10-27 10:36:51 0 [Note] InnoDB: Using SSE2 crc32 instructions
2025-10-27 10:36:51 0 [Note] InnoDB: Initializing buffer pool, total size = 16M, instances = 1, chunk size = 16M
2025-10-27 10:36:51 0 [Note] InnoDB: Completed initialization of buffer pool
2025-10-27 10:36:51 0 [Note] InnoDB: Starting crash recovery from checkpoint LSN=934906
2025-10-27 10:36:51 0 [Note] InnoDB: 128 out of 128 rollback segments are active.
2025-10-27 10:36:51 0 [Note] InnoDB: Removed temporary tablespace data file: "ibtmp1"
2025-10-27 10:36:51 0 [Note] InnoDB: Creating shared tablespace for temporary tables
2025-10-27 10:36:51 0 [Note] InnoDB: Setting file 'C:\xampp\mysql\data\ibtmp1' size to 12 MB. Physically writing the file full; Please wait ...
2025-10-27 10:36:51 0 [Note] InnoDB: File 'C:\xampp\mysql\data\ibtmp1' size is now 12 MB.
2025-10-27 10:36:51 0 [Note] InnoDB: Waiting for purge to start
2025-10-27 10:36:52 0 [Note] InnoDB: 10.4.32 started; log sequence number 934931; transaction id 788
2025-10-27 10:36:52 0 [Note] InnoDB: Loading buffer pool(s) from C:\xampp\mysql\data\ib_buffer_pool
2025-10-27 10:36:52 0 [Note] Plugin 'FEEDBACK' is disabled.
2025-10-27 10:36:52 0 [Note] InnoDB: Buffer pool(s) load completed at 251027 10:36:52
2025-10-27 10:36:52 0 [Note] Server socket created on IP: '::'.
2025-10-27 12:53:18 0 [Note] Starting MariaDB 10.4.32-MariaDB source revision c4143f909528e3fab0677a28631d10389354c491 as process 3564
2025-10-27 12:53:18 0 [Note] InnoDB: Mutexes and rw_locks use Windows interlocked functions
2025-10-27 12:53:18 0 [Note] InnoDB: Uses event mutexes
2025-10-27 12:53:18 0 [Note] InnoDB: Compressed tables use zlib 1.3
2025-10-27 12:53:18 0 [Note] InnoDB: Number of pools: 1
2025-10-27 12:53:18 0 [Note] InnoDB: Using SSE2 crc32 instructions
2025-10-27 12:53:18 0 [Note] InnoDB: Initializing buffer pool, total size = 16M, instances = 1, chunk size = 16M
2025-10-27 12:53:18 0 [Note] InnoDB: Completed initialization of buffer pool
2025-10-27 12:53:18 0 [Note] InnoDB: Starting crash recovery from checkpoint LSN=937432
2025-10-27 12:53:18 0 [Note] InnoDB: 128 out of 128 rollback segments are active.
2025-10-27 12:53:18 0 [Note] InnoDB: Removed temporary tablespace data file: "ibtmp1"
2025-10-27 12:53:18 0 [Note] InnoDB: Creating shared tablespace for temporary tables
2025-10-27 12:53:18 0 [Note] InnoDB: Setting file 'C:\xampp\mysql\data\ibtmp1' size to 12 MB. Physically writing the file full; Please wait ...
2025-10-27 12:53:18 0 [Note] InnoDB: File 'C:\xampp\mysql\data\ibtmp1' size is now 12 MB.
2025-10-27 12:53:18 0 [Note] InnoDB: Waiting for purge to start
2025-10-27 12:53:18 0 [Note] InnoDB: 10.4.32 started; log sequence number 937441; transaction id 824
2025-10-27 12:53:18 0 [Note] InnoDB: Loading buffer pool(s) from C:\xampp\mysql\data\ib_buffer_pool
2025-10-27 12:53:18 0 [Note] Plugin 'FEEDBACK' is disabled.
2025-10-27 12:53:18 0 [Note] Server socket created on IP: '::'.
2025-10-29  8:39:33 0 [Note] Starting MariaDB 10.4.32-MariaDB source revision c4143f909528e3fab0677a28631d10389354c491 as process 28032
2025-10-29  8:39:33 0 [Note] InnoDB: Mutexes and rw_locks use Windows interlocked functions
2025-10-29  8:39:33 0 [Note] InnoDB: Uses event mutexes
2025-10-29  8:39:33 0 [Note] InnoDB: Compressed tables use zlib 1.3
2025-10-29  8:39:33 0 [Note] InnoDB: Number of pools: 1
2025-10-29  8:39:33 0 [Note] InnoDB: Using SSE2 crc32 instructions
2025-10-29  8:39:33 0 [Note] InnoDB: Initializing buffer pool, total size = 16M, instances = 1, chunk size = 16M
2025-10-29  8:39:33 0 [Note] InnoDB: Completed initialization of buffer pool
2025-10-29  8:39:33 0 [Note] InnoDB: Starting crash recovery from checkpoint LSN=937450
2025-10-29  8:39:34 0 [Note] InnoDB: 128 out of 128 rollback segments are active.
2025-10-29  8:39:34 0 [Note] InnoDB: Removed temporary tablespace data file: "ibtmp1"
2025-10-29  8:39:34 0 [Note] InnoDB: Creating shared tablespace for temporary tables
2025-10-29  8:39:34 0 [Note] InnoDB: Setting file 'C:\xampp\mysql\data\ibtmp1' size to 12 MB. Physically writing the file full; Please wait ...
2025-10-29  8:39:34 0 [Note] InnoDB: File 'C:\xampp\mysql\data\ibtmp1' size is now 12 MB.
2025-10-29  8:39:34 0 [Note] InnoDB: Waiting for purge to start
2025-10-29  8:39:34 0 [Note] InnoDB: 10.4.32 started; log sequence number 937459; transaction id 824
2025-10-29  8:39:34 0 [Note] InnoDB: Loading buffer pool(s) from C:\xampp\mysql\data\ib_buffer_pool
2025-10-29  8:39:34 0 [Note] Plugin 'FEEDBACK' is disabled.
2025-10-29  8:39:34 0 [Note] InnoDB: Buffer pool(s) load completed at 251029  8:39:34
2025-10-29  8:39:34 0 [Note] Server socket created on IP: '::'.
2025-10-29  9:43:34 0 [Note] Starting MariaDB 10.4.32-MariaDB source revision c4143f909528e3fab0677a28631d10389354c491 as process 3044
2025-10-29  9:43:34 0 [Note] InnoDB: Mutexes and rw_locks use Windows interlocked functions
2025-10-29  9:43:34 0 [Note] InnoDB: Uses event mutexes
2025-10-29  9:43:34 0 [Note] InnoDB: Compressed tables use zlib 1.3
2025-10-29  9:43:34 0 [Note] InnoDB: Number of pools: 1
2025-10-29  9:43:34 0 [Note] InnoDB: Using SSE2 crc32 instructions
2025-10-29  9:43:34 0 [Note] InnoDB: Initializing buffer pool, total size = 16M, instances = 1, chunk size = 16M
2025-10-29  9:43:34 0 [Note] InnoDB: Completed initialization of buffer pool
2025-10-29  9:43:34 0 [Note] InnoDB: 128 out of 128 rollback segments are active.
2025-10-29  9:43:34 0 [Note] InnoDB: Creating shared tablespace for temporary tables
2025-10-29  9:43:34 0 [Note] InnoDB: Setting file 'C:\xampp\mysql\data\ibtmp1' size to 12 MB. Physically writing the file full; Please wait ...
2025-10-29  9:43:34 0 [Note] InnoDB: File 'C:\xampp\mysql\data\ibtmp1' size is now 12 MB.
2025-10-29  9:43:34 0 [Note] InnoDB: Waiting for purge to start
2025-10-29  9:43:34 0 [Note] InnoDB: 10.4.32 started; log sequence number 937484; transaction id 824
2025-10-29  9:43:34 0 [Note] InnoDB: Loading buffer pool(s) from C:\xampp\mysql\data\ib_buffer_pool
2025-10-29  9:43:34 0 [Note] Plugin 'FEEDBACK' is disabled.
2025-10-29  9:43:34 0 [Note] Server socket created on IP: '::'.
2025-10-29  9:43:48 0 [Note] Starting MariaDB 10.4.32-MariaDB source revision c4143f909528e3fab0677a28631d10389354c491 as process 29208
2025-10-29  9:43:48 0 [Note] InnoDB: Mutexes and rw_locks use Windows interlocked functions
2025-10-29  9:43:48 0 [Note] InnoDB: Uses event mutexes
2025-10-29  9:43:48 0 [Note] InnoDB: Compressed tables use zlib 1.3
2025-10-29  9:43:48 0 [Note] InnoDB: Number of pools: 1
2025-10-29  9:43:48 0 [Note] InnoDB: Using SSE2 crc32 instructions
2025-10-29  9:43:48 0 [Note] InnoDB: Initializing buffer pool, total size = 16M, instances = 1, chunk size = 16M
2025-10-29  9:43:48 0 [Note] InnoDB: Completed initialization of buffer pool
2025-10-29  9:43:48 0 [Note] InnoDB: 128 out of 128 rollback segments are active.
2025-10-29  9:43:48 0 [Note] InnoDB: Removed temporary tablespace data file: "ibtmp1"
2025-10-29  9:43:48 0 [Note] InnoDB: Creating shared tablespace for temporary tables
2025-10-29  9:43:48 0 [Note] InnoDB: Setting file 'C:\xampp\mysql\data\ibtmp1' size to 12 MB. Physically writing the file full; Please wait ...
2025-10-29  9:43:48 0 [Note] InnoDB: File 'C:\xampp\mysql\data\ibtmp1' size is now 12 MB.
2025-10-29  9:43:48 0 [Note] InnoDB: Waiting for purge to start
2025-10-29  9:43:49 0 [Note] InnoDB: 10.4.32 started; log sequence number 937493; transaction id 824
2025-10-29  9:43:49 0 [Note] InnoDB: Loading buffer pool(s) from C:\xampp\mysql\data\ib_buffer_pool
2025-10-29  9:43:49 0 [Note] Plugin 'FEEDBACK' is disabled.
2025-10-29  9:43:49 0 [ERROR] InnoDB: Expected tablespace id 4 but found 4294967294 in the file .\mysql\gtid_slave_pos.ibd
2025-10-29  9:43:49 0 [Note] InnoDB: trying to read page [page id: space=4, page number=0] in the background in a non-existing or being-dropped tablespace
2025-10-29  9:43:49 0 [ERROR] InnoDB: Expected tablespace id 4 but found 4294967294 in the file .\mysql\gtid_slave_pos.ibd
2025-10-29  9:43:49 0 [Note] Server socket created on IP: '::'.
2025-10-29  9:43:49 0 [Note] InnoDB: trying to read page [page id: space=4, pag2025-10-29  9:54:18 0 [Note] Starting MariaDB 10.4.32-MariaDB source revision c4143f909528e3fab0677a28631d10389354c491 as process 23184
2025-10-29  9:54:18 0 [Note] InnoDB: Mutexes and rw_locks use Windows interlocked functions
2025-10-29  9:54:18 0 [Note] InnoDB: Uses event mutexes
2025-10-29  9:54:18 0 [Note] InnoDB: Compressed tables use zlib 1.3
2025-10-29  9:54:18 0 [Note] InnoDB: Number of pools: 1
2025-10-29  9:54:18 0 [Note] InnoDB: Using SSE2 crc32 instructions
2025-10-29  9:54:18 0 [Note] InnoDB: Initializing buffer pool, total size = 16M, instances = 1, chunk size = 16M
2025-10-29  9:54:18 0 [Note] InnoDB: Completed initialization of buffer pool
2025-10-29  9:54:19 0 [Note] InnoDB: 128 out of 128 rollback segments are active.
2025-10-29  9:54:19 0 [Note] InnoDB: Creating shared tablespace for temporary tables
2025-10-29  9:54:19 0 [Note] InnoDB: Setting file 'C:\xampp\mysql\data\ibtmp1' size to 12 MB. Physically writing the file full; Please wait ...
2025-10-29  9:54:19 0 [Note] InnoDB: File 'C:\xampp\mysql\data\ibtmp1' size is now 12 MB.
2025-10-29  9:54:19 0 [Note] InnoDB: Waiting for purge to start
2025-10-29  9:54:19 0 [Note] InnoDB: 10.4.32 started; log sequence number 937502; transaction id 824
2025-10-29  9:54:19 0 [Note] InnoDB: Loading buffer pool(s) from C:\xampp\mysql\data\ib_buffer_pool
2025-10-29  9:54:19 0 [Note] Plugin 'FEEDBACK' is disabled.
2025-10-29  9:54:19 0 [Note] InnoDB: Buffer pool(s) load completed at 251029  9:54:19
2025-10-29  9:54:19 0 [Note] Server socket created on IP: '::'.
2025-10-29  9:54:28 0 [Note] Starting MariaDB 10.4.32-MariaDB source revision c4143f909528e3fab0677a28631d10389354c491 as process 31240
2025-10-29  9:54:28 0 [Note] InnoDB: Mutexes and rw_locks use Windows interlocked functions
2025-10-29  9:54:28 0 [Note] InnoDB: Uses event mutexes
2025-10-29  9:54:28 0 [Note] InnoDB: Compressed tables use zlib 1.3
2025-10-29  9:54:28 0 [Note] InnoDB: Number of pools: 1
2025-10-29  9:54:28 0 [Note] InnoDB: Using SSE2 crc32 instructions
2025-10-29  9:54:28 0 [Note] InnoDB: Initializing buffer pool, total size = 16M, instances = 1, chunk size = 16M
2025-10-29  9:54:28 0 [Note] InnoDB: Completed initialization of buffer pool
2025-10-29  9:54:28 0 [Note] InnoDB: 128 out of 128 rollback segments are active.
2025-10-29  9:54:28 0 [Note] InnoDB: Creating shared tablespace for temporary tables
2025-10-29  9:54:28 0 [Note] InnoDB: Setting file 'C:\xampp\mysql\data\ibtmp1' size to 12 MB. Physically writing the file full; Please wait ...
2025-10-29  9:54:28 0 [Note] InnoDB: File 'C:\xampp\mysql\data\ibtmp1' size is now 12 MB.
2025-10-29  9:54:28 0 [Note] InnoDB: Waiting for purge to start
2025-10-29  9:54:28 0 [Note] InnoDB: 10.4.32 started; log sequence number 937511; transaction id 824
2025-10-29  9:54:28 0 [Note] InnoDB: Loading buffer pool(s) from C:\xampp\mysql\data\ib_buffer_pool
2025-10-29  9:54:28 0 [Note] Plugin 'FEEDBACK' is disabled.
2025-10-29  9:54:28 0 [Note] Server socket created on IP: '::'.
2025-10-29 10:01:41 0 [Note] Starting MariaDB 10.4.32-MariaDB source revision c4143f909528e3fab0677a28631d10389354c491 as process 29828
2025-10-29 10:01:41 0 [Note] InnoDB: Mutexes and rw_locks use Windows interlocked functions
2025-10-29 10:01:41 0 [Note] InnoDB: Uses event mutexes
2025-10-29 10:01:41 0 [Note] InnoDB: Compressed tables use zlib 1.3
2025-10-29 10:01:41 0 [Note] InnoDB: Number of pools: 1
2025-10-29 10:01:41 0 [Note] InnoDB: Using SSE2 crc32 instructions
2025-10-29 10:01:41 0 [Note] InnoDB: Initializing buffer pool, total size = 16M, instances = 1, chunk size = 16M
2025-10-29 10:01:41 0 [Note] InnoDB: Completed initialization of buffer pool
2025-10-29 10:01:41 0 [Note] InnoDB: Setting log file C:\xampp\mysql\data\ib_logfile101 size to 5242880 bytes
2025-10-29 10:01:41 0 [Note] InnoDB: Setting log file C:\xampp\mysql\data\ib_logfile1 size to 5242880 bytes
2025-10-29 10:01:41 0 [Note] InnoDB: Renaming log file C:\xampp\mysql\data\ib_logfile101 to C:\xampp\mysql\data\ib_logfile0
2025-10-29 10:01:41 0 [Note] InnoDB: New log files created, LSN=937520
2025-10-29 10:01:41 0 [Note] InnoDB: 128 out of 128 rollback segments are active.
2025-10-29 10:01:41 0 [Note] InnoDB: Creating shared tablespace for temporary tables
2025-10-29 10:01:41 0 [Note] InnoDB: Setting file 'C:\xampp\mysql\data\ibtmp1' size to 12 MB. Physically writing the file full; Please wait ...
2025-10-29 10:01:41 0 [Note] InnoDB: File 'C:\xampp\mysql\data\ibtmp1' size is now 12 MB.
2025-10-29 10:01:41 0 [Note] InnoDB: Waiting for purge to start
2025-10-29 10:01:41 0 [Note] InnoDB: 10.4.32 started; log sequence number 937996; transaction id 824
2025-10-29 10:01:41 0 [Note] Plugin 'FEEDBACK' is disabled.
2025-10-29 10:01:41 0 [Note] InnoDB: Loading buffer pool(s) from C:\xampp\mysql\data\ib_buffer_pool
2025-10-29 10:01:41 0 [Note] Server socket created on IP: '::'.
2025-10-29 10:02:20 0 [Note] Starting MariaDB 10.4.32-MariaDB source revision c4143f909528e3fab0677a28631d10389354c491 as process 32744
2025-10-29 10:02:20 0 [Note] InnoDB: Mutexes and rw_locks use Windows interlocked functions
2025-10-29 10:02:20 0 [Note] InnoDB: Uses event mutexes
2025-10-29 10:02:20 0 [Note] InnoDB: Compressed tables use zlib 1.3
2025-10-29 10:02:20 0 [Note] InnoDB: Number of pools: 1
2025-10-29 10:02:20 0 [Note] InnoDB: Using SSE2 crc32 instructions
2025-10-29 10:02:20 0 [Note] InnoDB: Initializing buffer pool, total size = 16M, instances = 1, chunk size = 16M
2025-10-29 10:02:20 0 [Note] InnoDB: Completed initialization of buffer pool
2025-10-29 10:02:20 0 [Note] InnoDB: Setting log file C:\xampp\mysql\data\ib_logfile101 size to 5242880 bytes
2025-10-29 10:02:20 0 [Note] InnoDB: Setting log file C:\xampp\mysql\data\ib_logfile1 size to 5242880 bytes
2025-10-29 10:02:20 0 [Note] InnoDB: Renaming log file C:\xampp\mysql\data\ib_logfile101 to C:\xampp\mysql\data\ib_logfile0
2025-10-29 10:02:20 0 [Note] InnoDB: New log files created, LSN=938005
2025-10-29 10:02:20 0 [Note] InnoDB: 128 out of 128 rollback segments are active.
2025-10-29 10:02:20 0 [Note] InnoDB: Creating shared tablespace for temporary tables
2025-10-29 10:02:20 0 [Note] InnoDB: Setting file 'C:\xampp\mysql\data\ibtmp1' size to 12 MB. Physically writing the file full; Please wait ...
2025-10-29 10:02:20 0 [Note] InnoDB: File 'C:\xampp\mysql\data\ibtmp1' size is now 12 MB.
2025-10-29 10:02:20 0 [Note] InnoDB: Waiting for purge to start
2025-10-29 10:02:20 0 [Note] InnoDB: 10.4.32 started; log sequence number 938508; transaction id 824
2025-10-29 10:02:20 0 [Note] InnoDB: Loading buffer pool(s) from C:\xampp\mysql\data\ib_buffer_pool
2025-10-29 10:02:20 0 [Note] Plugin 'FEEDBACK' is disabled.
2025-10-29 10:02:20 0 [Note] Server socket created on IP: '::'.
2025-10-29 10:04:19 0 [Note] Starting MariaDB 10.4.32-MariaDB source revision c4143f909528e3fab0677a28631d10389354c491 as process 22752
2025-10-29 10:04:19 0 [Note] InnoDB: Mutexes and rw_locks use Windows interlocked functions
2025-10-29 10:04:19 0 [Note] InnoDB: Uses event mutexes
2025-10-29 10:04:19 0 [Note] InnoDB: Compressed tables use zlib 1.3
2025-10-29 10:04:19 0 [Note] InnoDB: Number of pools: 1
2025-10-29 10:04:19 0 [Note] InnoDB: Using SSE2 crc32 instructions
2025-10-29 10:04:19 0 [Note] InnoDB: Initializing buffer pool, total size = 16M, instances = 1, chunk size = 16M
2025-10-29 10:04:19 0 [Note] InnoDB: Completed initialization of buffer pool
2025-10-29 10:04:19 0 [Note] InnoDB: The log sequence number 139827 in the system tablespace does not match the log sequence number 938508 in the ib_logfiles!
2025-10-29 10:04:20 0 [Note] InnoDB: 128 out of 128 rollback segments are active.
2025-10-29 10:04:20 0 [Note] InnoDB: Removed temporary tablespace data file: "ibtmp1"
2025-10-29 10:04:20 0 [Note] InnoDB: Creating shared tablespace for temporary tables
2025-10-29 10:04:20 0 [Note] InnoDB: Setting file 'C:\xampp\mysql\data\ibtmp1' size to 12 MB. Physically writing the file full; Please wait ...
2025-10-29 10:04:20 0 [Note] InnoDB: File 'C:\xampp\mysql\data\ibtmp1' size is now 12 MB.
2025-10-29 10:04:20 0 [Note] InnoDB: Waiting for purge to start
2025-10-29 10:04:20 0 [Note] InnoDB: 10.4.32 started; log sequence number 938508; transaction id 170
2025-10-29 10:04:20 0 [Note] InnoDB: Loading buffer pool(s) from C:\xampp\mysql\data\ib_buffer_pool
2025-10-29 10:04:20 0 [Note] Plugin 'FEEDBACK' is disabled.
2025-10-29 10:04:20 0 [Note] Server socket created on IP: '::'.
2025-10-30  9:42:10 0 [Note] Starting MariaDB 10.4.32-MariaDB source revision c4143f909528e3fab0677a28631d10389354c491 as process 16992
2025-10-30  9:42:10 0 [Note] InnoDB: Mutexes and rw_locks use Windows interlocked functions
2025-10-30  9:42:10 0 [Note] InnoDB: Uses event mutexes
2025-10-30  9:42:10 0 [Note] InnoDB: Compressed tables use zlib 1.3
2025-10-30  9:42:10 0 [Note] InnoDB: Number of pools: 1
2025-10-30  9:42:10 0 [Note] InnoDB: Using SSE2 crc32 instructions
2025-10-30  9:42:10 0 [Note] InnoDB: Initializing buffer pool, total size = 16M, instances = 1, chunk size = 16M
2025-10-30  9:42:10 0 [Note] InnoDB: Completed initialization of buffer pool
2025-10-30  9:42:10 0 [Note] InnoDB: The log sequence number 139827 in the system tablespace does not match the log sequence number 938508 in the ib_logfiles!
2025-10-30  9:42:10 0 [Note] InnoDB: 128 out of 128 rollback segments are active.
2025-10-30  9:42:10 0 [Note] InnoDB: Removed temporary tablespace data file: "ibtmp1"
2025-10-30  9:42:10 0 [Note] InnoDB: Creating shared tablespace for temporary tables
2025-10-30  9:42:10 0 [Note] InnoDB: Setting file 'C:\xampp\mysql\data\ibtmp1' size to 12 MB. Physically writing the file full; Please wait ...
2025-10-30  9:42:10 0 [Note] InnoDB: File 'C:\xampp\mysql\data\ibtmp1' size is now 12 MB.
2025-10-30  9:42:10 0 [Note] InnoDB: Waiting for purge to start
2025-10-30  9:42:10 0 [Note] InnoDB: 10.4.32 started; log sequence number 938508; transaction id 170
2025-10-30  9:42:10 0 [Note] InnoDB: Loading buffer pool(s) from C:\xampp\mysql\data\ib_buffer_pool
2025-10-30  9:42:10 0 [Note] Plugin 'FEEDBACK' is disabled.
2025-10-30  9:42:10 0 [Note] InnoDB: Buffer pool(s) load completed at 251030  9:42:10
2025-10-30  9:42:10 0 [Note] Server socket created on IP: '::'.
2025-10-30 10:40:11 0 [Note] Starting MariaDB 10.4.32-MariaDB source revision c4143f909528e3fab0677a28631d10389354c491 as process 19904
2025-10-30 10:40:11 0 [Note] InnoDB: Mutexes and rw_locks use Windows interlocked functions
2025-10-30 10:40:11 0 [Note] InnoDB: Uses event mutexes
2025-10-30 10:40:11 0 [Note] InnoDB: Compressed tables use zlib 1.3
2025-10-30 10:40:11 0 [Note] InnoDB: Number of pools: 1
2025-10-30 10:40:11 0 [Note] InnoDB: Using SSE2 crc32 instructions
2025-10-30 10:40:11 0 [Note] InnoDB: Initializing buffer pool, total size = 16M, instances = 1, chunk size = 16M
2025-10-30 10:40:11 0 [Note] InnoDB: Completed initialization of buffer pool
2025-10-30 10:40:11 0 [Note] InnoDB: Starting crash recovery from checkpoint LSN=1556752
2025-10-30 10:40:11 0 [Note] InnoDB: 128 out of 128 rollback segments are active.
2025-10-30 10:40:11 0 [Note] InnoDB: Removed temporary tablespace data file: "ibtmp1"
2025-10-30 10:40:11 0 [Note] InnoDB: Creating shared tablespace for temporary tables
2025-10-30 10:40:11 0 [Note] InnoDB: Setting file 'C:\xampp\mysql\data\ibtmp1' size to 12 MB. Physically writing the file full; Please wait ...
2025-10-30 10:40:11 0 [Note] InnoDB: File 'C:\xampp\mysql\data\ibtmp1' size is now 12 MB.
2025-10-30 10:40:11 0 [Note] InnoDB: Waiting for purge to start
2025-10-30 10:40:11 0 [Note] InnoDB: 10.4.32 started; log sequence number 1556761; transaction id 517
2025-10-30 10:40:11 0 [Note] InnoDB: Loading buffer pool(s) from C:\xampp\mysql\data\ib_buffer_pool
2025-10-30 10:40:11 0 [Note] Plugin 'FEEDBACK' is disabled.
2025-10-30 10:40:11 0 [Note] Server socket created on IP: '::'.
2025-11-04 13:07:42 0 [Note] Starting MariaDB 10.4.32-MariaDB source revision c4143f909528e3fab0677a28631d10389354c491 as process 2916
2025-11-04 13:07:42 0 [Note] mysqld.exe: Aria engine: starting recovery
recovered pages: 0% 11% 39% 70% 100% (0.0 seconds); tables to flush: 1 0
 (0.0 seconds); 
2025-11-04 13:07:42 0 [Note] mysqld.exe: Aria engine: recovery done
2025-11-04 13:07:42 0 [Note] InnoDB: Mutexes and rw_locks use Windows interlocked functions
2025-11-04 13:07:42 0 [Note] InnoDB: Uses event mutexes
2025-11-04 13:07:42 0 [Note] InnoDB: Compressed tables use zlib 1.3
2025-11-04 13:07:42 0 [Note] InnoDB: Number of pools: 1
2025-11-04 13:07:42 0 [Note] InnoDB: Using SSE2 crc32 instructions
2025-11-04 13:07:42 0 [Note] InnoDB: Initializing buffer pool, total size = 16M, instances = 1, chunk size = 16M
2025-11-04 13:07:42 0 [Note] InnoDB: Completed initialization of buffer pool
2025-11-04 13:07:42 0 [Note] InnoDB: Starting crash recovery from checkpoint LSN=1557099
2025-11-04 13:07:42 0 [Note] InnoDB: 128 out of 128 rollback segments are active.
2025-11-04 13:07:42 0 [Note] InnoDB: Removed temporary tablespace data file: "ibtmp1"
2025-11-04 13:07:42 0 [Note] InnoDB: Creating shared tablespace for temporary tables
2025-11-04 13:07:42 0 [Note] InnoDB: Setting file 'C:\xampp\mysql\data\ibtmp1' size to 12 MB. Physically writing the file full; Please wait ...
2025-11-04 13:07:42 0 [Note] InnoDB: File 'C:\xampp\mysql\data\ibtmp1' size is now 12 MB.
2025-11-04 13:07:42 0 [Note] InnoDB: Waiting for purge to start
2025-11-04 13:07:43 0 [Note] InnoDB: 10.4.32 started; log sequence number 1557108; transaction id 541
2025-11-04 13:07:43 0 [Note] Plugin 'FEEDBACK' is disabled.
2025-11-04 13:07:43 0 [Note] InnoDB: Loading buffer pool(s) from C:\xampp\mysql\data\ib_buffer_pool
2025-11-04 13:07:43 0 [Note] InnoDB: Buffer pool(s) load completed at 251104 13:07:43
2025-11-04 13:07:43 0 [Note] Server socket created on IP: '::'.
2025-11-04 13:08:54 0 [Note] Starting MariaDB 10.4.32-MariaDB source revision c4143f909528e3fab0677a28631d10389354c491 as process 26880
2025-11-04 13:08:54 0 [Note] InnoDB: Mutexes and rw_locks use Windows interlocked functions
2025-11-04 13:08:54 0 [Note] InnoDB: Uses event mutexes
2025-11-04 13:08:54 0 [Note] InnoDB: Compressed tables use zlib 1.3
2025-11-04 13:08:54 0 [Note] InnoDB: Number of pools: 1
2025-11-04 13:08:54 0 [Note] InnoDB: Using SSE2 crc32 instructions
2025-11-04 13:08:54 0 [Note] InnoDB: Initializing buffer pool, total size = 16M, instances = 1, chunk size = 16M
2025-11-04 13:08:54 0 [Note] InnoDB: Completed initialization of buffer pool
2025-11-04 13:08:54 0 [Note] InnoDB: Starting crash recovery from checkpoint LSN=1557117
2025-11-04 13:08:54 0 [Note] InnoDB: 128 out of 128 rollback segments are active.
2025-11-04 13:08:54 0 [Note] InnoDB: Removed temporary tablespace data file: "ibtmp1"
2025-11-04 13:08:54 0 [Note] InnoDB: Creating shared tablespace for temporary tables
2025-11-04 13:08:54 0 [Note] InnoDB: Setting file 'C:\xampp\mysql\data\ibtmp1' size to 12 MB. Physically writing the file full; Please wait ...
2025-11-04 13:08:54 0 [Note] InnoDB: File 'C:\xampp\mysql\data\ibtmp1' size is now 12 MB.
2025-11-04 13:08:54 0 [Note] InnoDB: Waiting for purge to start
2025-11-04 13:08:54 0 [Note] InnoDB: 10.4.32 started; log sequence number 1557126; transaction id 541
2025-11-04 13:08:54 0 [Note] InnoDB: Loading buffer pool(s) from C:\xampp\mysql\data\ib_buffer_pool
2025-11-04 13:08:54 0 [Note] Plugin 'FEEDBACK' is disabled.
2025-11-04 13:08:54 0 [Note] Server socket created on IP: '::'.
2025-11-04 13:10:28 0 [Note] Starting MariaDB 10.4.32-MariaDB source revision c4143f909528e3fab0677a28631d10389354c491 as process 22800
2025-11-04 13:10:28 0 [Note] InnoDB: Mutexes and rw_locks use Windows interlocked functions
2025-11-04 13:10:28 0 [Note] InnoDB: Uses event mutexes
2025-11-04 13:10:28 0 [Note] InnoDB: Compressed tables use zlib 1.3
2025-11-04 13:10:28 0 [Note] InnoDB: Number of pools: 1
2025-11-04 13:10:28 0 [Note] InnoDB: Using SSE2 crc32 instructions
2025-11-04 13:10:28 0 [Note] InnoDB: Initializing buffer pool, total size = 16M, instances = 1, chunk size = 16M
2025-11-04 13:10:28 0 [Note] InnoDB: Completed initialization of buffer pool
2025-11-04 13:10:28 0 [Note] InnoDB: Starting crash recovery from checkpoint LSN=1557117
2025-11-04 13:10:28 0 [Note] InnoDB: 128 out of 128 rollback segments are active.
2025-11-04 13:10:28 0 [Note] InnoDB: Removed temporary tablespace data file: "ibtmp1"
2025-11-04 13:10:28 0 [Note] InnoDB: Creating shared tablespace for temporary tables
2025-11-04 13:10:28 0 [Note] InnoDB: Setting file 'C:\xampp\mysql\data\ibtmp1' size to 12 MB. Physically writing the file full; Please wait ...
2025-11-04 13:10:28 0 [Note] InnoDB: File 'C:\xampp\mysql\data\ibtmp1' size is now 12 MB.
2025-11-04 13:10:28 0 [Note] InnoDB: Waiting for purge to start
2025-11-04 13:10:28 0 [Note] InnoDB: 10.4.32 started; log sequence number 1557126; transaction id 541
2025-11-04 13:10:28 0 [Note] InnoDB: Loading buffer pool(s) from C:\xampp\mysql\data\ib_buffer_pool
2025-11-04 13:10:28 0 [Note] Plugin 'FEEDBACK' is disabled.
2025-11-04 13:10:28 0 [Note] Server socket created on IP: '::'.
2025-11-05  8:39:22 0 [Note] Starting MariaDB 10.4.32-MariaDB source revision c4143f909528e3fab0677a28631d10389354c491 as process 22060
2025-11-05  8:39:22 0 [Note] InnoDB: Mutexes and rw_locks use Windows interlocked functions
2025-11-05  8:39:22 0 [Note] InnoDB: Uses event mutexes
2025-11-05  8:39:22 0 [Note] InnoDB: Compressed tables use zlib 1.3
2025-11-05  8:39:22 0 [Note] InnoDB: Number of pools: 1
2025-11-05  8:39:22 0 [Note] InnoDB: Using SSE2 crc32 instructions
2025-11-05  8:39:22 0 [Note] InnoDB: Initializing buffer pool, total size = 16M, instances = 1, chunk size = 16M
2025-11-05  8:39:22 0 [Note] InnoDB: Completed initialization of buffer pool
2025-11-05  8:39:22 0 [Note] InnoDB: Starting crash recovery from checkpoint LSN=1559661
2025-11-05  8:39:23 0 [Note] InnoDB: 128 out of 128 rollback segments are active.
2025-11-05  8:39:23 0 [Note] InnoDB: Removed temporary tablespace data file: "ibtmp1"
2025-11-05  8:39:23 0 [Note] InnoDB: Creating shared tablespace for temporary tables
2025-11-05  8:39:23 0 [Note] InnoDB: Setting file 'C:\xampp\mysql\data\ibtmp1' size to 12 MB. Physically writing the file full; Please wait ...
2025-11-05  8:39:23 0 [Note] InnoDB: File 'C:\xampp\mysql\data\ibtmp1' size is now 12 MB.
2025-11-05  8:39:23 0 [Note] InnoDB: Waiting for purge to start
2025-11-05  8:39:23 0 [Note] InnoDB: 10.4.32 started; log sequence number 1559670; transaction id 575
2025-11-05  8:39:23 0 [Note] InnoDB: Loading buffer pool(s) from C:\xampp\mysql\data\ib_buffer_pool
2025-11-05  8:39:23 0 [Note] Plugin 'FEEDBACK' is disabled.
2025-11-05  8:39:23 0 [Note] InnoDB: Buffer pool(s) load completed at 251105  8:39:23
2025-11-05  8:39:23 0 [Note] Server socket created on IP: '::'.
2025-11-05 22:02:22 0 [Note] Starting MariaDB 10.4.32-MariaDB source revision c4143f909528e3fab0677a28631d10389354c491 as process 6992
2025-11-05 22:02:22 0 [Note] InnoDB: Mutexes and rw_locks use Windows interlocked functions
2025-11-05 22:02:22 0 [Note] InnoDB: Uses event mutexes
2025-11-05 22:02:22 0 [Note] InnoDB: Compressed tables use zlib 1.3
2025-11-05 22:02:22 0 [Note] InnoDB: Number of pools: 1
2025-11-05 22:02:22 0 [Note] InnoDB: Using SSE2 crc32 instructions
2025-11-05 22:02:22 0 [Note] InnoDB: Initializing buffer pool, total size = 16M, instances = 1, chunk size = 16M
2025-11-05 22:02:22 0 [Note] InnoDB: Completed initialization of buffer pool
2025-11-05 22:02:22 0 [Note] InnoDB: Starting crash recovery from checkpoint LSN=1562303
2025-11-05 22:02:22 0 [Note] InnoDB: 128 out of 128 rollback segments are active.
2025-11-05 22:02:22 0 [Note] InnoDB: Removed temporary tablespace data file: "ibtmp1"
2025-11-05 22:02:22 0 [Note] InnoDB: Creating shared tablespace for temporary tables
2025-11-05 22:02:22 0 [Note] InnoDB: Setting file 'C:\xampp\mysql\data\ibtmp1' size to 12 MB. Physically writing the file full; Please wait ...
2025-11-05 22:02:22 0 [Note] InnoDB: File 'C:\xampp\mysql\data\ibtmp1' size is now 12 MB.
2025-11-05 22:02:22 0 [Note] InnoDB: Waiting for purge to start
2025-11-05 22:02:22 0 [Note] InnoDB: 10.4.32 started; log sequence number 1562312; transaction id 624
2025-11-05 22:02:22 0 [Note] InnoDB: Loading buffer pool(s) from C:\xampp\mysql\data\ib_buffer_pool
2025-11-05 22:02:22 0 [Note] Plugin 'FEEDBACK' is disabled.
2025-11-05 22:02:22 0 [Note] InnoDB: Buffer pool(s) load completed at 251105 22:02:22
2025-11-05 22:02:22 0 [Note] Server socket created on IP: '::'.
2025-11-06  9:41:11 0 [Note] Starting MariaDB 10.4.32-MariaDB source revision c4143f909528e3fab0677a28631d10389354c491 as process 23988
2025-11-06  9:41:11 0 [Note] InnoDB: Mutexes and rw_locks use Windows interlocked functions
2025-11-06  9:41:11 0 [Note] InnoDB: Uses event mutexes
2025-11-06  9:41:11 0 [Note] InnoDB: Compressed tables use zlib 1.3
2025-11-06  9:41:11 0 [Note] InnoDB: Number of pools: 1
2025-11-06  9:41:11 0 [Note] InnoDB: Using SSE2 crc32 instructions
2025-11-06  9:41:11 0 [Note] InnoDB: Initializing buffer pool, total size = 16M, instances = 1, chunk size = 16M
2025-11-06  9:41:11 0 [Note] InnoDB: Completed initialization of buffer pool
2025-11-06  9:41:11 0 [Note] InnoDB: Starting crash recovery from checkpoint LSN=1562321
2025-11-06  9:41:11 0 [Note] InnoDB: 128 out of 128 rollback segments are active.
2025-11-06  9:41:11 0 [Note] InnoDB: Removed temporary tablespace data file: "ibtmp1"
2025-11-06  9:41:11 0 [Note] InnoDB: Creating shared tablespace for temporary tables
2025-11-06  9:41:11 0 [Note] InnoDB: Setting file 'C:\xampp\mysql\data\ibtmp1' size to 12 MB. Physically writing the file full; Please wait ...
2025-11-06  9:41:11 0 [Note] InnoDB: File 'C:\xampp\mysql\data\ibtmp1' size is now 12 MB.
2025-11-06  9:41:11 0 [Note] InnoDB: Waiting for purge to start
2025-11-06  9:41:11 0 [Note] InnoDB: 10.4.32 started; log sequence number 1562330; transaction id 624
2025-11-06  9:41:11 0 [Note] InnoDB: Loading buffer pool(s) from C:\xampp\mysql\data\ib_buffer_pool
2025-11-06  9:41:11 0 [Note] Plugin 'FEEDBACK' is disabled.
2025-11-06  9:41:11 0 [Note] Server socket created on IP: '::'.
2025-11-06  9:41:17 0 [Note] Starting MariaDB 10.4.32-MariaDB source revision c4143f909528e3fab0677a28631d10389354c491 as process 2652
2025-11-06  9:41:17 0 [Note] InnoDB: Mutexes and rw_locks use Windows interlocked functions
2025-11-06  9:41:17 0 [Note] InnoDB: Uses event mutexes
2025-11-06  9:41:17 0 [Note] InnoDB: Compressed tables use zlib 1.3
2025-11-06  9:41:17 0 [Note] InnoDB: Number of pools: 1
2025-11-06  9:41:17 0 [Note] InnoDB: Using SSE2 crc32 instructions
2025-11-06  9:41:17 0 [Note] InnoDB: Initializing buffer pool, total size = 16M, instances = 1, chunk size = 16M
2025-11-06  9:41:17 0 [Note] InnoDB: Completed initialization of buffer pool
2025-11-06  9:41:17 0 [Note] InnoDB: Starting crash recovery from checkpoint LSN=1562321
2025-11-06  9:41:18 0 [Note] InnoDB: 128 out of 128 rollback segments are active.
2025-11-06  9:41:18 0 [Note] InnoDB: Removed temporary tablespace data file: "ibtmp1"
2025-11-06  9:41:18 0 [Note] InnoDB: Creating shared tablespace for temporary tables
2025-11-06  9:41:18 0 [Note] InnoDB: Setting file 'C:\xampp\mysql\data\ibtmp1' size to 12 MB. Physically writing the file full; Please wait ...
2025-11-06  9:41:18 0 [Note] InnoDB: File 'C:\xampp\mysql\data\ibtmp1' size is now 12 MB.
2025-11-06  9:41:18 0 [Note] InnoDB: Waiting for purge to start
2025-11-06  9:41:18 0 [Note] InnoDB: 10.4.32 started; log sequence number 1562330; transaction id 624
2025-11-06  9:41:18 0 [Note] InnoDB: Loading buffer pool(s) from C:\xampp\mysql\data\ib_buffer_pool
2025-11-06  9:41:18 0 [Note] Plugin 'FEEDBACK' is disabled.
2025-11-06  9:41:18 0 [Note] Server socket created on IP: '::'.
2025-11-07 10:38:09 0 [Note] Starting MariaDB 10.4.32-MariaDB source revision c4143f909528e3fab0677a28631d10389354c491 as process 29648
2025-11-07 10:38:10 0 [Note] InnoDB: Mutexes and rw_locks use Windows interlocked functions
2025-11-07 10:38:10 0 [Note] InnoDB: Uses event mutexes
2025-11-07 10:38:10 0 [Note] InnoDB: Compressed tables use zlib 1.3
2025-11-07 10:38:10 0 [Note] InnoDB: Number of pools: 1
2025-11-07 10:38:10 0 [Note] InnoDB: Using SSE2 crc32 instructions
2025-11-07 10:38:10 0 [Note] InnoDB: Initializing buffer pool, total size = 16M, instances = 1, chunk size = 16M
2025-11-07 10:38:10 0 [Note] InnoDB: Completed initialization of buffer pool
2025-11-07 10:38:10 0 [Note] InnoDB: Starting crash recovery from checkpoint LSN=1629378
2025-11-07 10:38:10 0 [Note] InnoDB: Starting final batch to recover 15 pages from redo log.
2025-11-07 10:38:11 0 [Note] InnoDB: 128 out of 128 rollback segments are active.
2025-11-07 10:38:11 0 [Note] InnoDB: Removed temporary tablespace data file: "ibtmp1"
2025-11-07 10:38:11 0 [Note] InnoDB: Creating shared tablespace for temporary tables
2025-11-07 10:38:11 0 [Note] InnoDB: Setting file 'C:\xampp\mysql\data\ibtmp1' size to 12 MB. Physically writing the file full; Please wait ...
2025-11-07 10:38:11 0 [Note] InnoDB: File 'C:\xampp\mysql\data\ibtmp1' size is now 12 MB.
2025-11-07 10:38:11 0 [Note] InnoDB: Waiting for purge to start
2025-11-07 10:38:11 0 [Note] InnoDB: 10.4.32 started; log sequence number 1647576; transaction id 727
2025-11-07 10:38:11 0 [Note] InnoDB: Loading buffer pool(s) from C:\xampp\mysql\data\ib_buffer_pool
2025-11-07 10:38:11 0 [Note] Plugin 'FEEDBACK' is disabled.
2025-11-07 10:38:11 0 [Note] InnoDB: Buffer pool(s) load completed at 251107 10:38:11
2025-11-07 10:38:11 0 [Note] Server socket created on IP: '::'.
2025-11-07 12:06:51 0 [Note] Starting MariaDB 10.4.32-MariaDB source revision c4143f909528e3fab0677a28631d10389354c491 as process 12988
2025-11-07 12:06:51 0 [Note] InnoDB: Mutexes and rw_locks use Windows interlocked functions
2025-11-07 12:06:51 0 [Note] InnoDB: Uses event mutexes
2025-11-07 12:06:51 0 [Note] InnoDB: Compressed tables use zlib 1.3
2025-11-07 12:06:51 0 [Note] InnoDB: Number of pools: 1
2025-11-07 12:06:51 0 [Note] InnoDB: Using SSE2 crc32 instructions
2025-11-07 12:06:51 0 [Note] InnoDB: Initializing buffer pool, total size = 16M, instances = 1, chunk size = 16M
2025-11-07 12:06:51 0 [Note] InnoDB: Completed initialization of buffer pool
2025-11-07 12:06:51 0 [Note] InnoDB: Starting crash recovery from checkpoint LSN=1647801
2025-11-07 12:06:51 0 [Note] InnoDB: Starting final batch to recover 7 pages from redo log.
2025-11-07 12:06:52 0 [Note] InnoDB: 128 out of 128 rollback segments are active.
2025-11-07 12:06:52 0 [Note] InnoDB: Removed temporary tablespace data file: "ibtmp1"
2025-11-07 12:06:52 0 [Note] InnoDB: Creating shared tablespace for temporary tables
2025-11-07 12:06:52 0 [Note] InnoDB: Setting file 'C:\xampp\mysql\data\ibtmp1' size to 12 MB. Physically writing the file full; Please wait ...
2025-11-07 12:06:52 0 [Note] InnoDB: File 'C:\xampp\mysql\data\ibtmp1' size is now 12 MB.
2025-11-07 12:06:52 0 [Note] InnoDB: Waiting for purge to start
2025-11-07 12:06:52 0 [Note] InnoDB: 10.4.32 started; log sequence number 1648227; transaction id 732
2025-11-07 12:06:52 0 [Note] InnoDB: Loading buffer pool(s) from C:\xampp\mysql\data\ib_buffer_pool
2025-11-07 12:06:52 0 [Note] Plugin 'FEEDBACK' is disabled.
2025-11-07 12:06:52 0 [Note] InnoDB: Buffer pool(s) load completed at 251107 12:06:52
2025-11-07 12:06:52 0 [Note] Server socket created on IP: '::'.
2025-11-07 13:01:31 0 [Note] Starting MariaDB 10.4.32-MariaDB source revision c4143f909528e3fab0677a28631d10389354c491 as process 22544
2025-11-07 13:01:31 0 [Note] InnoDB: Mutexes and rw_locks use Windows interlocked functions
2025-11-07 13:01:31 0 [Note] InnoDB: Uses event mutexes
2025-11-07 13:01:31 0 [Note] InnoDB: Compressed tables use zlib 1.3
2025-11-07 13:01:31 0 [Note] InnoDB: Number of pools: 1
2025-11-07 13:01:31 0 [Note] InnoDB: Using SSE2 crc32 instructions
2025-11-07 13:01:31 0 [Note] InnoDB: Initializing buffer pool, total size = 16M, instances = 1, chunk size = 16M
2025-11-07 13:01:31 0 [Note] InnoDB: Completed initialization of buffer pool
2025-11-07 13:01:31 0 [Note] InnoDB: Starting crash recovery from checkpoint LSN=1648436
2025-11-07 13:01:32 0 [Note] InnoDB: Starting final batch to recover 1 pages from redo log.
2025-11-07 13:01:32 0 [Note] InnoDB: 128 out of 128 rollback segments are active.
2025-11-07 13:01:32 0 [Note] InnoDB: Removed temporary tablespace data file: "ibtmp1"
2025-11-07 13:01:32 0 [Note] InnoDB: Creating shared tablespace for temporary tables
2025-11-07 13:01:32 0 [Note] InnoDB: Setting file 'C:\xampp\mysql\data\ibtmp1' size to 12 MB. Physically writing the file full; Please wait ...
2025-11-07 13:01:32 0 [Note] InnoDB: File 'C:\xampp\mysql\data\ibtmp1' size is now 12 MB.
2025-11-07 13:01:32 0 [Note] InnoDB: Waiting for purge to start
2025-11-07 13:01:32 0 [Note] InnoDB: 10.4.32 started; log sequence number 1648661; transaction id 732
2025-11-07 13:01:32 0 [Note] InnoDB: Loading buffer pool(s) from C:\xampp\mysql\data\ib_buffer_pool
2025-11-07 13:01:32 0 [Note] Plugin 'FEEDBACK' is disabled.
2025-11-07 13:01:32 0 [Note] InnoDB: Buffer pool(s) load completed at 251107 13:01:32
2025-11-07 13:01:32 0 [Note] Server socket created on IP: '::'.
2025-11-08 21:14:50 0 [Note] Starting MariaDB 10.4.32-MariaDB source revision c4143f909528e3fab0677a28631d10389354c491 as process 28188
2025-11-08 21:14:50 0 [Note] InnoDB: Mutexes and rw_locks use Windows interlocked functions
2025-11-08 21:14:50 0 [Note] InnoDB: Uses event mutexes
2025-11-08 21:14:50 0 [Note] InnoDB: Compressed tables use zlib 1.3
2025-11-08 21:14:50 0 [Note] InnoDB: Number of pools: 1
2025-11-08 21:14:50 0 [Note] InnoDB: Using SSE2 crc32 instructions
2025-11-08 21:14:50 0 [Note] InnoDB: Initializing buffer pool, total size = 16M, instances = 1, chunk size = 16M
2025-11-08 21:14:50 0 [Note] InnoDB: Completed initialization of buffer pool
2025-11-08 21:14:50 0 [Note] InnoDB: Starting crash recovery from checkpoint LSN=1649354
2025-11-08 21:14:50 0 [Note] InnoDB: 128 out of 128 rollback segments are active.
2025-11-08 21:14:50 0 [Note] InnoDB: Removed temporary tablespace data file: "ibtmp1"
2025-11-08 21:14:50 0 [Note] InnoDB: Creating shared tablespace for temporary tables
2025-11-08 21:14:50 0 [Note] InnoDB: Setting file 'C:\xampp\mysql\data\ibtmp1' size to 12 MB. Physically writing the file full; Please wait ...
2025-11-08 21:14:50 0 [Note] InnoDB: File 'C:\xampp\mysql\data\ibtmp1' size is now 12 MB.
2025-11-08 21:14:50 0 [Note] InnoDB: Waiting for purge to start
2025-11-08 21:14:50 0 [Note] InnoDB: 10.4.32 started; log sequence number 1649363; transaction id 738
2025-11-08 21:14:50 0 [Note] InnoDB: Loading buffer pool(s) from C:\xampp\mysql\data\ib_buffer_pool
2025-11-08 21:14:50 0 [Note] Plugin 'FEEDBACK' is disabled.
2025-11-08 21:14:51 0 [Note] InnoDB: Buffer pool(s) load completed at 251108 21:14:51
2025-11-08 21:14:51 0 [Note] Server socket created on IP: '::'.
2025-11-10  9:13:59 0 [Note] Starting MariaDB 10.4.32-MariaDB source revision c4143f909528e3fab0677a28631d10389354c491 as process 6200
2025-11-10  9:13:59 0 [Note] InnoDB: Mutexes and rw_locks use Windows interlocked functions
2025-11-10  9:13:59 0 [Note] InnoDB: Uses event mutexes
2025-11-10  9:13:59 0 [Note] InnoDB: Compressed tables use zlib 1.3
2025-11-10  9:13:59 0 [Note] InnoDB: Number of pools: 1
2025-11-10  9:13:59 0 [Note] InnoDB: Using SSE2 crc32 instructions
2025-11-10  9:13:59 0 [Note] InnoDB: Initializing buffer pool, total size = 16M, instances = 1, chunk size = 16M
2025-11-10  9:13:59 0 [Note] InnoDB: Completed initialization of buffer pool
2025-11-10  9:14:00 0 [Note] InnoDB: Starting crash recovery from checkpoint LSN=1649968
2025-11-10  9:14:00 0 [Note] InnoDB: 128 out of 128 rollback segments are active.
2025-11-10  9:14:00 0 [Note] InnoDB: Removed temporary tablespace data file: "ibtmp1"
2025-11-10  9:14:00 0 [Note] InnoDB: Creating shared tablespace for temporary tables
2025-11-10  9:14:00 0 [Note] InnoDB: Setting file 'C:\xampp\mysql\data\ibtmp1' size to 12 MB. Physically writing the file full; Please wait ...
2025-11-10  9:14:00 0 [Note] InnoDB: File 'C:\xampp\mysql\data\ibtmp1' size is now 12 MB.
2025-11-10  9:14:00 0 [Note] InnoDB: Waiting for purge to start
2025-11-10  9:14:00 0 [Note] InnoDB: 10.4.32 started; log sequence number 1649977; transaction id 764
2025-11-10  9:14:00 0 [Note] InnoDB: Loading buffer pool(s) from C:\xampp\mysql\data\ib_buffer_pool
2025-11-10  9:14:00 0 [Note] Plugin 'FEEDBACK' is disabled.
2025-11-10  9:14:00 0 [Note] InnoDB: Buffer pool(s) load completed at 251110  9:14:00
2025-11-10  9:14:00 0 [Note] Server socket created on IP: '::'.
2025-11-11 13:11:18 0 [Note] Starting MariaDB 10.4.32-MariaDB source revision c4143f909528e3fab0677a28631d10389354c491 as process 22648
2025-11-11 13:11:18 0 [Note] mysqld.exe: Aria engine: starting recovery
recovered pages: 0% 10% 29%
2025-11-11 13:11:18 0 [ERROR] mysqld.exe: Index for table '.\mysql\db' is corrupt; try to repair it

***WARNING: .\mysql\db could not be opened: Error: 126
 43% 94% 100% (0.1 seconds); tables to flush: 1 0
 (0.0 seconds); 
2025-11-11 13:11:18 0 [Note] mysqld.exe: Aria engine: recovery done
2025-11-11 13:11:18 0 [Note] InnoDB: Mutexes and rw_locks use Windows interlocked functions
2025-11-11 13:11:18 0 [Note] InnoDB: Uses event mutexes
2025-11-11 13:11:18 0 [Note] InnoDB: Compressed tables use zlib 1.3
2025-11-11 13:11:18 0 [Note] InnoDB: Number of pools: 1
2025-11-11 13:11:18 0 [Note] InnoDB: Using SSE2 crc32 instructions
2025-11-11 13:11:18 0 [Note] InnoDB: Initializing buffer pool, total size = 16M, instances = 1, chunk size = 16M
2025-11-11 13:11:18 0 [Note] InnoDB: Completed initialization of buffer pool
2025-11-11 13:11:18 0 [Note] InnoDB: Starting crash recovery from checkpoint LSN=1676429
2025-11-11 13:11:19 0 [Note] InnoDB: 128 out of 128 rollback segments are active.
2025-11-11 13:11:19 0 [Note] InnoDB: Removed temporary tablespace data file: "ibtmp1"
2025-11-11 13:11:19 0 [Note] InnoDB: Creating shared tablespace for temporary tables
2025-11-11 13:11:19 0 [Note] InnoDB: Setting file 'C:\xampp\mysql\data\ibtmp1' size to 12 MB. Physically writing the file full; Please wait ...
2025-11-11 13:11:19 0 [Note] InnoDB: File 'C:\xampp\mysql\data\ibtmp1' size is now 12 MB.
2025-11-11 13:11:19 0 [Note] InnoDB: Waiting for purge to start
2025-11-11 13:11:19 0 [Note] InnoDB: 10.4.32 started; log sequence number 1676438; transaction id 850
2025-11-11 13:11:19 0 [Note] InnoDB: Loading buffer pool(s) from C:\xampp\mysql\data\ib_buffer_pool
2025-11-11 13:11:19 0 [Note] Plugin 'FEEDBACK' is disabled.
2025-11-11 13:11:19 0 [Note] InnoDB: Buffer pool(s) load completed at 251111 13:11:19
2025-11-11 13:11:19 0 [Note] Server socket created on IP: '::'.
2025-11-11 13:24:21 0 [Note] Starting MariaDB 10.4.32-MariaDB source revision c4143f909528e3fab0677a28631d10389354c491 as process 31456
2025-11-11 13:24:21 0 [Note] InnoDB: Mutexes and rw_locks use Windows interlocked functions
2025-11-11 13:24:21 0 [Note] InnoDB: Uses event mutexes
2025-11-11 13:24:21 0 [Note] InnoDB: Compressed tables use zlib 1.3
2025-11-11 13:24:21 0 [Note] InnoDB: Number of pools: 1
2025-11-11 13:24:21 0 [Note] InnoDB: Using SSE2 crc32 instructions
2025-11-11 13:24:21 0 [Note] InnoDB: Initializing buffer pool, total size = 16M, instances = 1, chunk size = 16M
2025-11-11 13:24:21 0 [Note] InnoDB: Completed initialization of buffer pool
2025-11-11 13:24:21 0 [Note] InnoDB: Starting crash recovery from checkpoint LSN=1676429
2025-11-11 13:24:21 0 [Note] InnoDB: 128 out of 128 rollback segments are active.
2025-11-11 13:24:21 0 [Note] InnoDB: Removed temporary tablespace data file: "ibtmp1"
2025-11-11 13:24:21 0 [Note] InnoDB: Creating shared tablespace for temporary tables
2025-11-11 13:24:21 0 [Note] InnoDB: Setting file 'C:\xampp\mysql\data\ibtmp1' size to 12 MB. Physically writing the file full; Please wait ...
2025-11-11 13:24:21 0 [Note] InnoDB: File 'C:\xampp\mysql\data\ibtmp1' size is now 12 MB.
2025-11-11 13:24:21 0 [Note] InnoDB: Waiting for purge to start
2025-11-11 13:24:21 0 [Note] InnoDB: 10.4.32 started; log sequence number 1676438; transaction id 850
2025-11-11 13:24:21 0 [Note] InnoDB: Loading buffer pool(s) from C:\xampp\mysql\data\ib_buffer_pool
2025-11-11 13:24:21 0 [Note] Plugin 'FEEDBACK' is disabled.
2025-11-11 13:24:21 0 [Note] Server socket created on IP: '::'.
2025-11-11 13:28:24 0 [Note] Starting MariaDB 10.4.32-MariaDB source revision c4143f909528e3fab0677a28631d10389354c491 as process 29028
2025-11-11 13:28:24 0 [Note] InnoDB: Mutexes and rw_locks use Windows interlocked functions
2025-11-11 13:28:24 0 [Note] InnoDB: Uses event mutexes
2025-11-11 13:28:24 0 [Note] InnoDB: Compressed tables use zlib 1.3
2025-11-11 13:28:24 0 [Note] InnoDB: Number of pools: 1
2025-11-11 13:28:24 0 [Note] InnoDB: Using SSE2 crc32 instructions
2025-11-11 13:28:24 0 [Note] InnoDB: Initializing buffer pool, total size = 16M, instances = 1, chunk size = 16M
2025-11-11 13:28:24 0 [Note] InnoDB: Completed initialization of buffer pool
2025-11-11 13:28:24 0 [Note] InnoDB: Starting crash recovery from checkpoint LSN=1676429
2025-11-11 13:28:24 0 [Note] InnoDB: 128 out of 128 rollback segments are active.
2025-11-11 13:28:24 0 [Note] InnoDB: Removed temporary tablespace data file: "ibtmp1"
2025-11-11 13:28:24 0 [Note] InnoDB: Creating shared tablespace for temporary tables
2025-11-11 13:28:24 0 [Note] InnoDB: Setting file 'C:\xampp\mysql\data\ibtmp1' size to 12 MB. Physically writing the file full; Please wait ...
2025-11-11 13:28:24 0 [Note] InnoDB: File 'C:\xampp\mysql\data\ibtmp1' size is now 12 MB.
2025-11-11 13:28:24 0 [Note] InnoDB: Waiting for purge to start
2025-11-11 13:28:24 0 [Note] InnoDB: 10.4.32 started; log sequence number 1676447; transaction id 850
2025-11-11 13:28:24 0 [Note] InnoDB: Loading buffer pool(s) from C:\xampp\mysql\data\ib_buffer_pool
2025-11-11 13:28:24 0 [Note] Plugin 'FEEDBACK' is disabled.
2025-11-11 13:28:24 0 [Note] Server socket created on IP: '::'.
2025-11-11 13:28:38 0 [Note] Starting MariaDB 10.4.32-MariaDB source revision c4143f909528e3fab0677a28631d10389354c491 as process 12736
2025-11-11 13:28:38 0 [Note] InnoDB: Mutexes and rw_locks use Windows interlocked functions
2025-11-11 13:28:38 0 [Note] InnoDB: Uses event mutexes
2025-11-11 13:28:38 0 [Note] InnoDB: Compressed tables use zlib 1.3
2025-11-11 13:28:38 0 [Note] InnoDB: Number of pools: 1
2025-11-11 13:28:38 0 [Note] InnoDB: Using SSE2 crc32 instructions
2025-11-11 13:28:38 0 [Note] InnoDB: Initializing buffer pool, total size = 16M, instances = 1, chunk size = 16M
2025-11-11 13:28:38 0 [Note] InnoDB: Completed initialization of buffer pool
2025-11-11 13:28:38 0 [Note] InnoDB: 128 out of 128 rollback segments are active.
2025-11-11 13:28:38 0 [Note] InnoDB: Creating shared tablespace for temporary tables
2025-11-11 13:28:38 0 [Note] InnoDB: Setting file 'C:\xampp\mysql\data\ibtmp1' size to 12 MB. Physically writing the file full; Please wait ...
2025-11-11 13:28:38 0 [Note] InnoDB: File 'C:\xampp\mysql\data\ibtmp1' size is now 12 MB.
2025-11-11 13:28:38 0 [Note] InnoDB: Waiting for purge to start
2025-11-11 13:28:38 0 [Note] InnoDB: 10.4.32 started; log sequence number 1676456; transaction id 850
2025-11-11 13:28:38 0 [Note] InnoDB: Loading buffer pool(s) from C:\xampp\mysql\data\ib_buffer_pool
2025-11-11 13:28:38 0 [Note] Plugin 'FEEDBACK' is disabled.
2025-11-11 13:28:38 0 [Note] Server socket created on IP: '::'.
2025-11-11 13:28:45 0 [Note] Starting MariaDB 10.4.32-MariaDB source revision c4143f909528e3fab0677a28631d10389354c491 as process 32076
2025-11-11 13:28:45 0 [Note] InnoDB: Mutexes and rw_locks use Windows interlocked functions
2025-11-11 13:28:45 0 [Note] InnoDB: Uses event mutexes
2025-11-11 13:28:45 0 [Note] InnoDB: Compressed tables use zlib 1.3
2025-11-11 13:28:45 0 [Note] InnoDB: Number of pools: 1
2025-11-11 13:28:45 0 [Note] InnoDB: Using SSE2 crc32 instructions
2025-11-11 13:28:45 0 [Note] InnoDB: Initializing buffer pool, total size = 16M, instances = 1, chunk size = 16M
2025-11-11 13:28:45 0 [Note] InnoDB: Completed initialization of buffer pool
2025-11-11 13:28:45 0 [Note] InnoDB: The log sequence number 1676456 in the system tablespace does not match the log sequence number 1676465 in the ib_logfiles!
2025-11-11 13:28:45 0 [Note] InnoDB: 128 out of 128 rollback segments are active.
2025-11-11 13:28:45 0 [Note] InnoDB: Removed temporary tablespace data file: "ibtmp1"
2025-11-11 13:28:45 0 [Note] InnoDB: Creating shared tablespace for temporary tables
2025-11-11 13:28:45 0 [Note] InnoDB: Setting file 'C:\xampp\mysql\data\ibtmp1' size to 12 MB. Physically writing the file full; Please wait ...
2025-11-11 13:28:45 0 [Note] InnoDB: File 'C:\xampp\mysql\data\ibtmp1' size is now 12 MB.
2025-11-11 13:28:45 0 [Note] InnoDB: Waiting for purge to start
2025-11-11 13:28:45 0 [Note] InnoDB: 10.4.32 started; log sequence number 1676465; transaction id 850
2025-11-11 13:28:45 0 [Note] InnoDB: Loading buffer pool(s) from C:\xampp\mysql\data\ib_buffer_pool
2025-11-11 13:28:45 0 [Note] Plugin 'FEEDBACK' is disabled.
2025-11-11 13:28:46 0 [Note] Server socket created on IP: '::'.
2025-11-11 13:30:07 0 [Note] Starting MariaDB 10.4.32-MariaDB source revision c4143f909528e3fab0677a28631d10389354c491 as process 23584
2025-11-11 13:30:07 0 [Note] InnoDB: Mutexes and rw_locks use Windows interlocked functions
2025-11-11 13:30:07 0 [Note] InnoDB: Uses event mutexes
2025-11-11 13:30:07 0 [Note] InnoDB: Compressed tables use zlib 1.3
2025-11-11 13:30:07 0 [Note] InnoDB: Number of pools: 1
2025-11-11 13:30:07 0 [Note] InnoDB: Using SSE2 crc32 instructions
2025-11-11 13:30:07 0 [Note] InnoDB: Initializing buffer pool, total size = 16M, instances = 1, chunk size = 16M
2025-11-11 13:30:07 0 [Note] InnoDB: Completed initialization of buffer pool
2025-11-11 13:30:07 0 [Note] InnoDB: 128 out of 128 rollback segments are active.
2025-11-11 13:30:07 0 [Note] InnoDB: Removed temporary tablespace data file: "ibtmp1"
2025-11-11 13:30:07 0 [Note] InnoDB: Creating shared tablespace for temporary tables
2025-11-11 13:30:07 0 [Note] InnoDB: Setting file 'C:\xampp\mysql\data\ibtmp1' size to 12 MB. Physically writing the file full; Please wait ...
2025-11-11 13:30:07 0 [Note] InnoDB: File 'C:\xampp\mysql\data\ibtmp1' size is now 12 MB.
2025-11-11 13:30:07 0 [Note] InnoDB: Waiting for purge to start
2025-11-11 13:30:07 0 [Note] InnoDB: 10.4.32 started; log sequence number 1676474; transaction id 850
2025-11-11 13:30:07 0 [Note] InnoDB: Loading buffer pool(s) from C:\xampp\mysql\data\ib_buffer_pool
2025-11-11 13:30:07 0 [Note] Plugin 'FEEDBACK' is disabled.
2025-11-11 13:30:07 0 [Note] Server socket created on IP: '::'.
2025-11-11 13:31:47 0 [Note] Starting MariaDB 10.4.32-MariaDB source revision c4143f909528e3fab0677a28631d10389354c491 as process 12040
2025-11-11 13:31:47 0 [Note] InnoDB: Mutexes and rw_locks use Windows interlocked functions
2025-11-11 13:31:47 0 [Note] InnoDB: Uses event mutexes
2025-11-11 13:31:47 0 [Note] InnoDB: Compressed tables use zlib 1.3
2025-11-11 13:31:47 0 [Note] InnoDB: Number of pools: 1
2025-11-11 13:31:47 0 [Note] InnoDB: Using SSE2 crc32 instructions
2025-11-11 13:31:47 0 [Note] InnoDB: Initializing buffer pool, total size = 16M, instances = 1, chunk size = 16M
2025-11-11 13:31:47 0 [Note] InnoDB: Completed initialization of buffer pool
2025-11-11 13:31:48 0 [Note] InnoDB: 128 out of 128 rollback segments are active.
2025-11-11 13:31:48 0 [Note] InnoDB: Removed temporary tablespace data file: "ibtmp1"
2025-11-11 13:31:48 0 [Note] InnoDB: Creating shared tablespace for temporary tables
2025-11-11 13:31:48 0 [Note] InnoDB: Setting file 'C:\xampp\mysql\data\ibtmp1' size to 12 MB. Physically writing the file full; Please wait ...
2025-11-11 13:31:48 0 [Note] InnoDB: File 'C:\xampp\mysql\data\ibtmp1' size is now 12 MB.
2025-11-11 13:31:48 0 [Note] InnoDB: Waiting for purge to start
2025-11-11 13:31:48 0 [Note] InnoDB: 10.4.32 started; log sequence number 1676474; transaction id 850
2025-11-11 13:31:48 0 [Note] InnoDB: Loading buffer pool(s) from C:\xampp\mysql\data\ib_buffer_pool
2025-11-11 13:31:48 0 [Note] Plugin 'FEEDBACK' is disabled.
2025-11-11 13:31:48 0 [Note] InnoDB: Buffer pool(s) load completed at 251111 13:31:48
2025-11-11 13:31:48 0 [Note] Server socket created on IP: '::'.
2025-11-13  9:41:43 0 [Note] Starting MariaDB 10.4.32-MariaDB source revision c4143f909528e3fab0677a28631d10389354c491 as process 28512
2025-11-13  9:41:43 0 [Note] InnoDB: Mutexes and rw_locks use Windows interlocked functions
2025-11-13  9:41:43 0 [Note] InnoDB: Uses event mutexes
2025-11-13  9:41:43 0 [Note] InnoDB: Compressed tables use zlib 1.3
2025-11-13  9:41:43 0 [Note] InnoDB: Number of pools: 1
2025-11-13  9:41:43 0 [Note] InnoDB: Using SSE2 crc32 instructions
2025-11-13  9:41:43 0 [Note] InnoDB: Initializing buffer pool, total size = 16M, instances = 1, chunk size = 16M
2025-11-13  9:41:43 0 [Note] InnoDB: Completed initialization of buffer pool
2025-11-13  9:41:43 0 [Note] InnoDB: 128 out of 128 rollback segments are active.
2025-11-13  9:41:43 0 [Note] InnoDB: Creating shared tablespace for temporary tables
2025-11-13  9:41:43 0 [Note] InnoDB: Setting file 'C:\xampp\mysql\data\ibtmp1' size to 12 MB. Physically writing the file full; Please wait ...
2025-11-13  9:41:43 0 [Note] InnoDB: File 'C:\xampp\mysql\data\ibtmp1' size is now 12 MB.
2025-11-13  9:41:43 0 [Note] InnoDB: Waiting for purge to start
2025-11-13  9:41:43 0 [Note] InnoDB: 10.4.32 started; log sequence number 1676483; transaction id 850
2025-11-13  9:41:43 0 [Note] Plugin 'FEEDBACK' is disabled.
2025-11-13  9:41:43 0 [Note] InnoDB: Loading buffer pool(s) from C:\xampp\mysql\data\ib_buffer_pool
2025-11-13  9:41:43 0 [Note] InnoDB: Buffer pool(s) load completed at 251113  9:41:43
2025-11-13  9:41:43 0 [Note] Server socket created on IP: '::'.
2025-11-13 10:08:04 0 [Note] Starting MariaDB 10.4.32-MariaDB source revision c4143f909528e3fab0677a28631d10389354c491 as process 29172
2025-11-13 10:08:04 0 [Note] InnoDB: Mutexes and rw_locks use Windows interlocked functions
2025-11-13 10:08:04 0 [Note] InnoDB: Uses event mutexes
2025-11-13 10:08:04 0 [Note] InnoDB: Compressed tables use zlib 1.3
2025-11-13 10:08:04 0 [Note] InnoDB: Number of pools: 1
2025-11-13 10:08:04 0 [Note] InnoDB: Using SSE2 crc32 instructions
2025-11-13 10:08:04 0 [Note] InnoDB: Initializing buffer pool, total size = 16M, instances = 1, chunk size = 16M
2025-11-13 10:08:04 0 [Note] InnoDB: Completed initialization of buffer pool
2025-11-13 10:08:04 0 [Note] InnoDB: 128 out of 128 rollback segments are active.
2025-11-13 10:08:04 0 [Note] InnoDB: Creating shared tablespace for temporary tables
2025-11-13 10:08:04 0 [Note] InnoDB: Setting file 'C:\xampp\mysql\data\ibtmp1' size to 12 MB. Physically writing the file full; Please wait ...
2025-11-13 10:08:04 0 [Note] InnoDB: File 'C:\xampp\mysql\data\ibtmp1' size is now 12 MB.
2025-11-13 10:08:04 0 [Note] InnoDB: Waiting for purge to start
2025-11-13 10:08:04 0 [Note] InnoDB: 10.4.32 started; log sequence number 1676492; transaction id 850
2025-11-13 10:08:04 0 [Note] InnoDB: Loading buffer pool(s) from C:\xampp\mysql\data\ib_buffer_pool
2025-11-13 10:08:04 0 [Note] Plugin 'FEEDBACK' is disabled.
2025-11-13 10:08:04 0 [Note] Server socket created on IP: '::'.
2025-11-13 10:21:20 0 [Note] Starting MariaDB 10.4.32-MariaDB source revision c4143f909528e3fab0677a28631d10389354c491 as process 6392
2025-11-13 10:21:21 0 [Note] InnoDB: Mutexes and rw_locks use Windows interlocked functions
2025-11-13 10:21:21 0 [Note] InnoDB: Uses event mutexes
2025-11-13 10:21:21 0 [Note] InnoDB: Compressed tables use zlib 1.3
2025-11-13 10:21:21 0 [Note] InnoDB: Number of pools: 1
2025-11-13 10:21:21 0 [Note] InnoDB: Using SSE2 crc32 instructions
2025-11-13 10:21:21 0 [Note] InnoDB: Initializing buffer pool, total size = 16M, instances = 1, chunk size = 16M
2025-11-13 10:21:21 0 [Note] InnoDB: Completed initialization of buffer pool
2025-11-13 10:21:21 0 [Note] InnoDB: Starting crash recovery from checkpoint LSN=300288
2025-11-13 10:21:21 0 [Note] InnoDB: 128 out of 128 rollback segments are active.
2025-11-13 10:21:21 0 [Note] InnoDB: Removed temporary tablespace data file: "ibtmp1"
2025-11-13 10:21:21 0 [Note] InnoDB: Creating shared tablespace for temporary tables
2025-11-13 10:21:21 0 [Note] InnoDB: Setting file 'C:\xampp\mysql\data\ibtmp1' size to 12 MB. Physically writing the file full; Please wait ...
2025-11-13 10:21:21 0 [Note] InnoDB: File 'C:\xampp\mysql\data\ibtmp1' size is now 12 MB.
2025-11-13 10:21:21 0 [Note] InnoDB: Waiting for purge to start
2025-11-13 10:21:21 0 [Note] InnoDB: 10.4.32 started; log sequence number 300297; transaction id 170
2025-11-13 10:21:21 0 [Note] InnoDB: Loading buffer pool(s) from C:\xampp\mysql\data\ib_buffer_pool
2025-11-13 10:21:21 0 [Note] Plugin 'FEEDBACK' is disabled.
2025-11-13 10:21:21 0 [Note] Server socket created on IP: '::'.
2025-11-14 10:51:44 0 [Note] Starting MariaDB 10.4.32-MariaDB source revision c4143f909528e3fab0677a28631d10389354c491 as process 8284
2025-11-14 10:51:44 0 [Note] mysqld.exe: Aria engine: starting recovery
recovered pages: 0% 13% 37% 69% 100% (0.0 seconds); tables to flush: 1 0
 (0.0 seconds); 
2025-11-14 10:51:44 0 [Note] mysqld.exe: Aria engine: recovery done
2025-11-14 10:51:44 0 [Note] InnoDB: Mutexes and rw_locks use Windows interlocked functions
2025-11-14 10:51:44 0 [Note] InnoDB: Uses event mutexes
2025-11-14 10:51:44 0 [Note] InnoDB: Compressed tables use zlib 1.3
2025-11-14 10:51:44 0 [Note] InnoDB: Number of pools: 1
2025-11-14 10:51:44 0 [Note] InnoDB: Using SSE2 crc32 instructions
2025-11-14 10:51:44 0 [Note] InnoDB: Initializing buffer pool, total size = 16M, instances = 1, chunk size = 16M
2025-11-14 10:51:44 0 [Note] InnoDB: Completed initialization of buffer pool
2025-11-14 10:51:44 0 [Note] InnoDB: Starting crash recovery from checkpoint LSN=308247
2025-11-14 10:51:45 0 [Note] InnoDB: 128 out of 128 rollback segments are active.
2025-11-14 10:51:45 0 [Note] InnoDB: Removed temporary tablespace data file: "ibtmp1"
2025-11-14 10:51:45 0 [Note] InnoDB: Creating shared tablespace for temporary tables
2025-11-14 10:51:45 0 [Note] InnoDB: Setting file 'C:\xampp\mysql\data\ibtmp1' size to 12 MB. Physically writing the file full; Please wait ...
2025-11-14 10:51:45 0 [Note] InnoDB: File 'C:\xampp\mysql\data\ibtmp1' size is now 12 MB.
2025-11-14 10:51:45 0 [Note] InnoDB: Waiting for purge to start
2025-11-14 10:51:45 0 [Note] InnoDB: 10.4.32 started; log sequence number 308256; transaction id 207
2025-11-14 10:51:45 0 [Note] InnoDB: Loading buffer pool(s) from C:\xampp\mysql\data\ib_buffer_pool
2025-11-14 10:51:45 0 [Note] Plugin 'FEEDBACK' is disabled.
2025-11-14 10:51:45 0 [ERROR] InnoDB: Expected tablespace id 3 but found 4294967294 in the file .\mysql\transaction_registry.ibd
2025-11-14 10:51:45 0 [Note] InnoDB: trying to read page [page id: space=3, page number=0] in the background in a non-existing or being-dropped tablespace
2025-11-14 10:51:45 0 [ERROR] InnoDB: Expected tablespace id 3 but found 4294967294 in the file .\mysql\transaction_registry.ibd
2025-11-14 10:51:45 0 [Note] InnoDB: trying to read page [page id: space=3, page number=1] in the background in a non-existing or being-dropped tablespace
2025-11-14 10:51:45 0 [ERROR] InnoDB: Expected tablespace id 3 but found 4294967294 in the file .\mysql\transaction_registry.ibd
2025-11-14 10:51:45 0 [Note] InnoDB: trying to read page [page id: space=3, page number=2] in the background in a non-existing or being-dropped tablespace
2025-11-14 10:51:45 0 [ERROR] InnoDB: Expected tablespace id 3 but found 4294967294 in the file .\mysql\transaction_registry.ibd
2025-11-14 10:51:45 0 [Note] InnoDB: trying to read page [page id: space=3, page number=3] in the background in a non-existing or being-dropped tablespace
2025-11-14 10:51:45 0 [ERROR] InnoDB: Expected tablespace id 3 but found 4294967294 in the file .\mysql\transaction_registry.ibd
2025-11-14 10:51:45 0 [Note] InnoDB: trying to read page [page id: space=3, page number=4] in the background in a non-existing or being-dropped tablespace
2025-11-14 10:51:45 0 [ERROR] InnoDB: Expected tablespace id 3 but found 4294967294 in the file .\mysql\transaction_registry.ibd
2025-11-14 10:51:45 0 [Note] InnoDB: trying to read page [page id: space=3, page number=5] in the background in a non-existing or being-dropped tablespace
2025-11-14 10:51:45 0 [ERROR] InnoDB: Expected tablespace id 3 but found 4294967294 in the file .\mysql\transaction_registry.ibd
2025-11-14 10:51:45 0 [Note] InnoDB: trying to read page [page id: space=3, page number=6] in the background in a non-existing or being-dropped tablespace
2025-11-14 10:51:45 0 [Note] InnoDB: Buffer pool(s) load completed at 251114 10:51:45
2025-11-14 10:51:45 0 [Note] Server socket created on IP: '::'.
2025-11-14 12:07:32 0 [Note] Starting MariaDB 10.4.32-MariaDB source revision c4143f909528e3fab0677a28631d10389354c491 as process 12652
2025-11-14 12:07:32 0 [Note] InnoDB: Mutexes and rw_locks use Windows interlocked functions
2025-11-14 12:07:32 0 [Note] InnoDB: Uses event mutexes
2025-11-14 12:07:32 0 [Note] InnoDB: Compressed tables use zlib 1.3
2025-11-14 12:07:32 0 [Note] InnoDB: Number of pools: 1
2025-11-14 12:07:32 0 [Note] InnoDB: Using SSE2 crc32 instructions
2025-11-14 12:07:32 0 [Note] InnoDB: Initializing buffer pool, total size = 16M, instances = 1, chunk size = 16M
2025-11-14 12:07:32 0 [Note] InnoDB: Completed initialization of buffer pool
2025-11-14 12:07:32 0 [Note] InnoDB: Starting crash recovery from checkpoint LSN=308566
2025-11-14 12:07:32 0 [Note] InnoDB: 128 out of 128 rollback segments are active.
2025-11-14 12:07:32 0 [Note] InnoDB: Removed temporary tablespace data file: "ibtmp1"
2025-11-14 12:07:32 0 [Note] InnoDB: Creating shared tablespace for temporary tables
2025-11-14 12:07:32 0 [Note] InnoDB: Setting file 'C:\xampp\mysql\data\ibtmp1' size to 12 MB. Physically writing the file full; Please wait ...
2025-11-14 12:07:32 0 [Note] InnoDB: File 'C:\xampp\mysql\data\ibtmp1' size is now 12 MB.
2025-11-14 12:07:32 0 [Note] InnoDB: Waiting for purge to start
2025-11-14 12:07:33 0 [Note] InnoDB: 10.4.32 started; log sequence number 308575; transaction id 231
2025-11-14 12:07:33 0 [Note] InnoDB: Loading buffer pool(s) from C:\xampp\mysql\data\ib_buffer_pool
2025-11-14 12:07:33 0 [Note] Plugin 'FEEDBACK' is disabled.
2025-11-14 12:07:33 0 [Note] Server socket created on IP: '::'.
2025-11-14 12:07:56 0 [Note] Starting MariaDB 10.4.32-MariaDB source revision c4143f909528e3fab0677a28631d10389354c491 as process 24700
2025-11-14 12:07:56 0 [Note] InnoDB: Mutexes and rw_locks use Windows interlocked functions
2025-11-14 12:07:56 0 [Note] InnoDB: Uses event mutexes
2025-11-14 12:07:56 0 [Note] InnoDB: Compressed tables use zlib 1.3
2025-11-14 12:07:56 0 [Note] InnoDB: Number of pools: 1
2025-11-14 12:07:56 0 [Note] InnoDB: Using SSE2 crc32 instructions
2025-11-14 12:07:56 0 [Note] InnoDB: Initializing buffer pool, total size = 16M, instances = 1, chunk size = 16M
2025-11-14 12:07:56 0 [Note] InnoDB: Completed initialization of buffer pool
2025-11-14 12:07:56 0 [Note] InnoDB: Starting crash recovery from checkpoint LSN=308566
2025-11-14 12:07:56 0 [Note] InnoDB: 128 out of 128 rollback segments are active.
2025-11-14 12:07:56 0 [Note] InnoDB: Removed temporary tablespace data file: "ibtmp1"
2025-11-14 12:07:56 0 [Note] InnoDB: Creating shared tablespace for temporary tables
2025-11-14 12:07:56 0 [Note] InnoDB: Setting file 'C:\xampp\mysql\data\ibtmp1' size to 12 MB. Physically writing the file full; Please wait ...
2025-11-14 12:07:56 0 [Note] InnoDB: File 'C:\xampp\mysql\data\ibtmp1' size is now 12 MB.
2025-11-14 12:07:56 0 [Note] InnoDB: Waiting for purge to start
2025-11-14 12:07:56 0 [Note] InnoDB: 10.4.32 started; log sequence number 308575; transaction id 231
2025-11-14 12:07:56 0 [Note] InnoDB: Loading buffer pool(s) from C:\xampp\mysql\data\ib_buffer_pool
2025-11-14 12:07:56 0 [Note] Plugin 'FEEDBACK' is disabled.
2025-11-14 12:07:56 0 [ERROR] InnoDB: Expected tablespace id 3 but found 4294967294 in the file .\mysql\transaction_registry.ibd
2025-11-14 12:07:56 0 [Note] Server socket created on IP: '::'.
2025-11-14 12:07:56 0 [Note] InnoDB: trying to read page [page id: space=3, page number=0] in the backgroun2025-11-17  9:38:42 0 [Note] Starting MariaDB 10.4.32-MariaDB source revision c4143f909528e3fab0677a28631d10389354c491 as process 26252
2025-11-17  9:38:42 0 [Note] InnoDB: Mutexes and rw_locks use Windows interlocked functions
2025-11-17  9:38:42 0 [Note] InnoDB: Uses event mutexes
2025-11-17  9:38:42 0 [Note] InnoDB: Compressed tables use zlib 1.3
2025-11-17  9:38:42 0 [Note] InnoDB: Number of pools: 1
2025-11-17  9:38:42 0 [Note] InnoDB: Using SSE2 crc32 instructions
2025-11-17  9:38:42 0 [Note] InnoDB: Initializing buffer pool, total size = 16M, instances = 1, chunk size = 16M
2025-11-17  9:38:42 0 [Note] InnoDB: Completed initialization of buffer pool
2025-11-17  9:38:42 0 [Note] InnoDB: Starting crash recovery from checkpoint LSN=309056
2025-11-17  9:38:43 0 [Note] InnoDB: 128 out of 128 rollback segments are active.
2025-11-17  9:38:43 0 [Note] InnoDB: Removed temporary tablespace data file: "ibtmp1"
2025-11-17  9:38:43 0 [Note] InnoDB: Creating shared tablespace for temporary tables
2025-11-17  9:38:43 0 [Note] InnoDB: Setting file 'C:\xampp\mysql\data\ibtmp1' size to 12 MB. Physically writing the file full; Please wait ...
2025-11-17  9:38:43 0 [Note] InnoDB: File 'C:\xampp\mysql\data\ibtmp1' size is now 12 MB.
2025-11-17  9:38:43 0 [Note] InnoDB: Waiting for purge to start
2025-11-17  9:38:43 0 [Note] InnoDB: 10.4.32 started; log sequence number 309065; transaction id 255
2025-11-17  9:38:43 0 [Note] InnoDB: Loading buffer pool(s) from C:\xampp\mysql\data\ib_buffer_pool
2025-11-17  9:38:43 0 [Note] Plugin 'FEEDBACK' is disabled.
2025-11-17  9:38:43 0 [ERROR] InnoDB: Expected tablespace id 3 but found 4294967294 in the file .\mysql\transaction_registry.ibd
2025-11-17  9:38:43 0 [Note] InnoDB: trying to read page [page id: space=3, page number=0] in the background in a non-existing or being-dropped tablespace
2025-11-17  9:38:43 0 [ERROR] InnoDB: Expected tablespace id 3 but found 4294967294 in the file .\mysql\transaction_registry.ibd
2025-11-17  9:38:43 0 [Note] InnoDB: trying to read page [page id: space=3, page number=1] in the background in a non-existing or being-dropped tablespace
2025-11-17  9:38:43 0 [ERROR] InnoDB: Expected tablespace id 3 but found 4294967294 in the file .\mysql\transaction_registry.ibd
2025-11-17  9:38:43 0 [Note] InnoDB: trying to read page [page id: space=3, page number=2] in the background in a non-existing or being-dropped tablespace
2025-11-17  9:38:43 0 [ERROR] InnoDB: Expected tablespace id 3 but found 4294967294 in the file .\mysql\transaction_registry.ibd
2025-11-17  9:38:43 0 [Note] InnoDB: trying to read page [page id: space=3, page number=3] in the background in a non-existing or being-dropped tablespace
2025-11-17  9:38:43 0 [ERROR] InnoDB: Expected tablespace id 3 but found 4294967294 in the file .\mysql\transaction_registry.ibd
2025-11-17  9:38:43 0 [Note] InnoDB: trying to read page [page id: space=3, page number=4] in the background in a non-existing or being-dropped tablespace
2025-11-17  9:38:43 0 [ERROR] InnoDB: Expected tablespace id 3 but found 4294967294 in the file .\mysql\transaction_registry.ibd
2025-11-17  9:38:43 0 [Note] InnoDB: trying to read page [page id: space=3, page number=5] in the background in a non-existing or being-dropped tablespace
2025-11-17  9:38:43 0 [ERROR] InnoDB: Expected tablespace id 3 but found 4294967294 in the file .\mysql\transaction_registry.ibd
2025-11-17  9:38:43 0 [Note] InnoDB: trying to read page [page id: space=3, page number=6] in the background in a non-existing or being-dropped tablespace
2025-11-17  9:38:43 0 [Note] InnoDB: Buffer pool(s) load completed at 251117  9:38:43
2025-11-17  9:38:43 0 [Note] Server socket created on IP: '::'.
2025-11-17  9:38:50 0 [Note] Starting MariaDB 10.4.32-MariaDB source revision c4143f909528e3fab0677a28631d10389354c491 as process 28816
2025-11-17  9:38:50 0 [Note] InnoDB: Mutexes and rw_locks use Windows interlocked functions
2025-11-17  9:38:50 0 [Note] InnoDB: Uses event mutexes
2025-11-17  9:38:50 0 [Note] InnoDB: Compressed tables use zlib 1.3
2025-11-17  9:38:50 0 [Note] InnoDB: Number of pools: 1
2025-11-17  9:38:50 0 [Note] InnoDB: Using SSE2 crc32 instructions
2025-11-17  9:38:50 0 [Note] InnoDB: Initializing buffer pool, total size = 16M, instances = 1, chunk size = 16M
2025-11-17  9:38:50 0 [Note] InnoDB: Completed initialization of buffer pool
2025-11-17  9:38:50 0 [Note] InnoDB: Starting crash recovery from checkpoint LSN=309074
2025-11-17  9:38:50 0 [Note] InnoDB: 128 out of 128 rollback segments are active.
2025-11-17  9:38:50 0 [Note] InnoDB: Removed temporary tablespace data file: "ibtmp1"
2025-11-17  9:38:50 0 [Note] InnoDB: Creating shared tablespace for temporary tables
2025-11-17  9:38:50 0 [Note] InnoDB: Setting file 'C:\xampp\mysql\data\ibtmp1' size to 12 MB. Physically writing the file full; Please wait ...
2025-11-17  9:38:50 0 [Note] InnoDB: File 'C:\xampp\mysql\data\ibtmp1' size is now 12 MB.
2025-11-17  9:38:50 0 [Note] InnoDB: Waiting for purge to start
2025-11-17  9:38:50 0 [Note] InnoDB: 10.4.32 started; log sequence number 309083; transaction id 255
2025-11-17  9:38:50 0 [Note] InnoDB: Loading buffer pool(s) from C:\xampp\mysql\data\ib_buffer_pool
2025-11-17  9:38:50 0 [Note] Plugin 'FEEDBACK' is disabled.
2025-11-17  9:38:50 0 [Note] Server socket created on IP: '::'.
2025-11-21 10:49:38 0 [Note] Starting MariaDB 10.4.32-MariaDB source revision c4143f909528e3fab0677a28631d10389354c491 as process 22204
2025-11-21 10:49:38 0 [Note] InnoDB: Mutexes and rw_locks use Windows interlocked functions
2025-11-21 10:49:38 0 [Note] InnoDB: Uses event mutexes
2025-11-21 10:49:38 0 [Note] InnoDB: Compressed tables use zlib 1.3
2025-11-21 10:49:38 0 [Note] InnoDB: Number of pools: 1
2025-11-21 10:49:38 0 [Note] InnoDB: Using SSE2 crc32 instructions
2025-11-21 10:49:38 0 [Note] InnoDB: Initializing buffer pool, total size = 16M, instances = 1, chunk size = 16M
2025-11-21 10:49:38 0 [Note] InnoDB: Completed initialization of buffer pool
2025-11-21 10:49:38 0 [Note] InnoDB: Starting crash recovery from checkpoint LSN=309092
2025-11-21 10:49:38 0 [Note] InnoDB: 128 out of 128 rollback segments are active.
2025-11-21 10:49:38 0 [Note] InnoDB: Removed temporary tablespace data file: "ibtmp1"
2025-11-21 10:49:38 0 [Note] InnoDB: Creating shared tablespace for temporary tables
2025-11-21 10:49:38 0 [Note] InnoDB: Setting file 'C:\xampp\mysql\data\ibtmp1' size to 12 MB. Physically writing the file full; Please wait ...
2025-11-21 10:49:38 0 [Note] InnoDB: File 'C:\xampp\mysql\data\ibtmp1' size is now 12 MB.
2025-11-21 10:49:38 0 [Note] InnoDB: Waiting for purge to start
2025-11-21 10:49:38 0 [Note] InnoDB: 10.4.32 started; log sequence number 309101; transaction id 255
2025-11-21 10:49:38 0 [Note] InnoDB: Loading buffer pool(s) from C:\xampp\mysql\data\ib_buffer_pool
2025-11-21 10:49:38 0 [Note] Plugin 'FEEDBACK' is disabled.
2025-11-21 10:49:38 0 [ERROR] InnoDB: Expected tablespace id 3 but found 4294967294 in the file .\mysql\transaction_registry.ibd
2025-11-21 10:49:38 0 [Note] InnoDB: trying to read page [page id: space=3, page number=0] in the background in a non-existing or being-dropped tablespace
2025-11-21 10:49:38 0 [ERROR] InnoDB: Expected tablespace id 3 but found 4294967294 in the file .\mysql\transaction_registry.ibd
2025-11-21 10:49:38 0 [Note] InnoDB: trying to read page [page id: space=3, page number=1] in the background in a non-existing or being-dropped tablespace
2025-11-21 10:49:38 0 [ERROR] InnoDB: Expected tablespace id 3 but found 4294967294 in the file .\mysql\transaction_registry.ibd
2025-11-21 10:49:38 0 [Note] InnoDB: trying to read page [page id: space=3, page number=2] in the background in a non-existing or being-dropped tablespace
2025-11-21 10:49:38 0 [ERROR] InnoDB: Expected tablespace id 3 but found 4294967294 in the file .\mysql\transaction_registry.ibd
2025-11-21 10:49:38 0 [Note] InnoDB: trying to read page [page id: space=3, page number=3] in the background in a non-existing or being-dropped tablespace
2025-11-21 10:49:38 0 [ERROR] InnoDB: Expected tablespace id 3 but found 4294967294 in the file .\mysql\transaction_registry.ibd
2025-11-21 10:49:38 0 [Note] InnoDB: trying to read page [page id: space=3, page number=4] in the background in a non-existing or being-dropped tablespace
2025-11-21 10:49:38 0 [ERROR] InnoDB: Expected tablespace id 3 but found 4294967294 in the file .\mysql\transaction_registry.ibd
2025-11-21 10:49:38 0 [Note] InnoDB: trying to read page [page id: space=3, page number=5] in the background in a non-existing or being-dropped tablespace
2025-11-21 10:49:38 0 [ERROR] InnoDB: Expected tablespace id 3 but found 4294967294 in the file .\mysql\transaction_registry.ibd
2025-11-21 10:49:38 0 [Note] InnoDB: trying to read page [page id: space=3, page number=6] in the background in a non-existing or being-dropped tablespace
2025-11-21 10:49:38 0 [Note] InnoDB: Buffer pool(s) load completed at 251121 10:49:38
2025-11-21 10:49:38 0 [Note] Server socket created on IP: '::'.
2025-11-21 10:49:45 0 [Note] Starting MariaDB 10.4.32-MariaDB source revision c4143f909528e3fab0677a28631d10389354c491 as process 26492
2025-11-21 10:49:45 0 [Note] InnoDB: Mutexes and rw_locks use Windows interlocked functions
2025-11-21 10:49:45 0 [Note] InnoDB: Uses event mutexes
2025-11-21 10:49:45 0 [Note] InnoDB: Compressed tables use zlib 1.3
2025-11-21 10:49:45 0 [Note] InnoDB: Number of pools: 1
2025-11-21 10:49:45 0 [Note] InnoDB: Using SSE2 crc32 instructions
2025-11-21 10:49:45 0 [Note] InnoDB: Initializing buffer pool, total size = 16M, instances = 1, chunk size = 16M
2025-11-21 10:49:45 0 [Note] InnoDB: Completed initialization of buffer pool
2025-11-21 10:49:45 0 [Note] InnoDB: Starting crash recovery from checkpoint LSN=309092
2025-11-21 10:49:45 0 [Note] InnoDB: 128 out of 128 rollback segments are active.
2025-11-21 10:49:45 0 [Note] InnoDB: Removed temporary tablespace data file: "ibtmp1"
2025-11-21 10:49:45 0 [Note] InnoDB: Creating shared tablespace for temporary tables
2025-11-21 10:49:45 0 [Note] InnoDB: Setting file 'C:\xampp\mysql\data\ibtmp1' size to 12 MB. Physically writing the file full; Please wait ...
2025-11-21 10:49:45 0 [Note] InnoDB: File 'C:\xampp\mysql\data\ibtmp1' size is now 12 MB.
2025-11-21 10:49:45 0 [Note] InnoDB: Waiting for purge to start
2025-11-21 10:49:45 0 [Note] InnoDB: 10.4.32 started; log sequence number 309101; transaction id 255
2025-11-21 10:49:45 0 [Note] InnoDB: Loading buffer pool(s) from C:\xampp\mysql\data\ib_buffer_pool
2025-11-21 10:49:45 0 [Note] Plugin 'FEEDBACK' is disabled.
2025-11-21 10:49:45 0 [Note] Server socket created on IP: '::'.
2025-11-24 12:53:18 0 [Note] Starting MariaDB 10.4.32-MariaDB source revision c4143f909528e3fab0677a28631d10389354c491 as process 22588
2025-11-24 12:53:18 0 [Note] InnoDB: Mutexes and rw_locks use Windows interlocked functions
2025-11-24 12:53:18 0 [Note] InnoDB: Uses event mutexes
2025-11-24 12:53:18 0 [Note] InnoDB: Compressed tables use zlib 1.3
2025-11-24 12:53:18 0 [Note] InnoDB: Number of pools: 1
2025-11-24 12:53:18 0 [Note] InnoDB: Using SSE2 crc32 instructions
2025-11-24 12:53:18 0 [Note] InnoDB: Initializing buffer pool, total size = 16M, instances = 1, chunk size = 16M
2025-11-24 12:53:18 0 [Note] InnoDB: Completed initialization of buffer pool
2025-11-24 12:53:18 0 [Note] InnoDB: Starting crash recovery from checkpoint LSN=312025
2025-11-24 12:53:18 0 [Note] InnoDB: 128 out of 128 rollback segments are active.
2025-11-24 12:53:18 0 [Note] InnoDB: Removed temporary tablespace data file: "ibtmp1"
2025-11-24 12:53:18 0 [Note] InnoDB: Creating shared tablespace for temporary tables
2025-11-24 12:53:18 0 [Note] InnoDB: Setting file 'C:\xampp\mysql\data\ibtmp1' size to 12 MB. Physically writing the file full; Please wait ...
2025-11-24 12:53:18 0 [Note] InnoDB: File 'C:\xampp\mysql\data\ibtmp1' size is now 12 MB.
2025-11-24 12:53:18 0 [Note] InnoDB: Waiting for purge to start
2025-11-24 12:53:19 0 [Note] InnoDB: 10.4.32 started; log sequence number 312034; transaction id 265
2025-11-24 12:53:19 0 [Note] InnoDB: Loading buffer pool(s) from C:\xampp\mysql\data\ib_buffer_pool
2025-11-24 12:53:19 0 [Note] Plugin 'FEEDBACK' is disabled.
2025-11-24 12:53:19 0 [ERROR] InnoDB: Expected tablespace id 3 but found 4294967294 in the file .\mysql\transaction_registry.ibd
2025-11-24 12:53:19 0 [Note] InnoDB: trying to read page [page id: space=3, page number=0] in the background in a non-existing or being-dropped tablespace
2025-11-24 12:53:19 0 [ERROR] InnoDB: Expected tablespace id 3 but found 4294967294 in the file .\mysql\transaction_registry.ibd
2025-11-24 12:53:19 0 [Note] InnoDB: trying to read page [page id: space=3, page number=1] in the background in a non-existing or being-dropped tablespace
2025-11-24 12:53:19 0 [ERROR] InnoDB: Expected tablespace id 3 but found 4294967294 in the file .\mysql\transaction_registry.ibd
2025-11-24 12:53:19 0 [Note] InnoDB: trying to read page [page id: space=3, page number=2] in the background in a non-existing or being-dropped tablespace
2025-11-24 12:53:19 0 [ERROR] InnoDB: Expected tablespace id 3 but found 4294967294 in the file .\mysql\transaction_registry.ibd
2025-11-24 12:53:19 0 [Note] InnoDB: trying to read page [page id: space=3, page number=3] in the background in a non-existing or being-dropped tablespace
2025-11-24 12:53:19 0 [ERROR] InnoDB: Expected tablespace id 3 but found 4294967294 in the file .\mysql\transaction_registry.ibd
2025-11-24 12:53:19 0 [Note] InnoDB: trying to read page [page id: space=3, page number=4] in the background in a non-existing or being-dropped tablespace
2025-11-24 12:53:19 0 [ERROR] InnoDB: Expected tablespace id 3 but found 4294967294 in the file .\mysql\transaction_registry.ibd
2025-11-24 12:53:19 0 [Note] InnoDB: trying to read page [page id: space=3, page number=5] in the background in a non-existing or being-dropped tablespace
2025-11-24 12:53:19 0 [ERROR] InnoDB: Expected tablespace id 3 but found 4294967294 in the file .\mysql\transaction_registry.ibd
2025-11-24 12:53:19 0 [Note] InnoDB: trying to read page [page id: space=3, page number=6] in the background in a non-existing or being-dropped tablespace
2025-11-24 12:53:19 0 [Note] InnoDB: Buffer pool(s) load completed at 251124 12:53:19
2025-11-24 12:53:19 0 [Note] Server socket created on IP: '::'.
2025-12-01 10:18:54 0 [Note] Starting MariaDB 10.4.32-MariaDB source revision c4143f909528e3fab0677a28631d10389354c491 as process 23736
2025-12-01 10:18:54 0 [Note] InnoDB: Mutexes and rw_locks use Windows interlocked functions
2025-12-01 10:18:54 0 [Note] InnoDB: Uses event mutexes
2025-12-01 10:18:54 0 [Note] InnoDB: Compressed tables use zlib 1.3
2025-12-01 10:18:54 0 [Note] InnoDB: Number of pools: 1
2025-12-01 10:18:54 0 [Note] InnoDB: Using SSE2 crc32 instructions
2025-12-01 10:18:54 0 [Note] InnoDB: Initializing buffer pool, total size = 16M, instances = 1, chunk size = 16M
2025-12-01 10:18:54 0 [Note] InnoDB: Completed initialization of buffer pool
2025-12-01 10:18:54 0 [Note] InnoDB: Starting crash recovery from checkpoint LSN=312043
2025-12-01 10:18:54 0 [Note] InnoDB: 128 out of 128 rollback segments are active.
2025-12-01 10:18:54 0 [Note] InnoDB: Removed temporary tablespace data file: "ibtmp1"
2025-12-01 10:18:54 0 [Note] InnoDB: Creating shared tablespace for temporary tables
2025-12-01 10:18:54 0 [Note] InnoDB: Setting file 'C:\xampp\mysql\data\ibtmp1' size to 12 MB. Physically writing the file full; Please wait ...
2025-12-01 10:18:54 0 [Note] InnoDB: File 'C:\xampp\mysql\data\ibtmp1' size is now 12 MB.
2025-12-01 10:18:54 0 [Note] InnoDB: Waiting for purge to start
2025-12-01 10:18:55 0 [Note] InnoDB: 10.4.32 started; log sequence number 312052; transaction id 265
2025-12-01 10:18:55 0 [Note] Plugin 'FEEDBACK' is disabled.
2025-12-01 10:18:55 0 [Note] InnoDB: Loading buffer pool(s) from C:\xampp\mysql\data\ib_buffer_pool
2025-12-01 10:18:55 0 [ERROR] InnoDB: Expected tablespace id 3 but found 4294967294 in the file .\mysql\transaction_registry.ibd
2025-12-01 10:18:55 0 [Note] InnoDB: trying to read page [page id: space=3, page number=0] in the background in a non-existing or being-dropped tablespace
2025-12-01 10:18:55 0 [ERROR] InnoDB: Expected tablespace id 3 but found 4294967294 in the file .\mysql\transaction_registry.ibd
2025-12-01 10:18:55 0 [Note] InnoDB: trying to read page [page id: space=3, page number=1] in the background in a non-existing or being-dropped tablespace
2025-12-01 10:18:55 0 [ERROR] InnoDB: Expected tablespace id 3 but found 4294967294 in the file .\mysql\transaction_registry.ibd
2025-12-01 10:18:55 0 [Note] InnoDB: trying to read page [page id: space=3, page number=2] in the background in a non-existing or being-dropped tablespace
2025-12-01 10:18:55 0 [ERROR] InnoDB: Expected tablespace id 3 but found 4294967294 in the file .\mysql\transaction_registry.ibd
2025-12-01 10:18:55 0 [Note] InnoDB: trying to read page [page id: space=3, page number=3] in the background in a non-existing or being-dropped tablespace
2025-12-01 10:18:55 0 [ERROR] InnoDB: Expected tablespace id 3 but found 4294967294 in the file .\mysql\transaction_registry.ibd
2025-12-01 10:18:55 0 [Note] InnoDB: trying to read page [page id: space=3, page number=4] in the background in a non-existing or being-dropped tablespace
2025-12-01 10:18:55 0 [ERROR] InnoDB: Expected tablespace id 3 but found 4294967294 in the file .\mysql\transaction_registry.ibd
2025-12-01 10:18:55 0 [Note] InnoDB: trying to read page [page id: space=3, page number=5] in the background in a non-existing or being-dropped tablespace
2025-12-01 10:18:55 0 [ERROR] InnoDB: Expected tablespace id 3 but found 4294967294 in the file .\mysql\transaction_registry.ibd
2025-12-01 10:18:55 0 [Note] InnoDB: trying to read page [page id: space=3, page number=6] in the background in a non-existing or being-dropped tablespace
2025-12-01 10:18:55 0 [Note] InnoDB: Buffer pool(s) load completed at 251201 10:18:55
2025-12-01 10:18:55 0 [Note] Server socket created on IP: '::'.
2025-12-02 13:08:38 0 [Note] Starting MariaDB 10.4.32-MariaDB source revision c4143f909528e3fab0677a28631d10389354c491 as process 14720
2025-12-02 13:08:38 0 [Note] InnoDB: Mutexes and rw_locks use Windows interlocked functions
2025-12-02 13:08:38 0 [Note] InnoDB: Uses event mutexes
2025-12-02 13:08:38 0 [Note] InnoDB: Compressed tables use zlib 1.3
2025-12-02 13:08:38 0 [Note] InnoDB: Number of pools: 1
2025-12-02 13:08:38 0 [Note] InnoDB: Using SSE2 crc32 instructions
2025-12-02 13:08:38 0 [Note] InnoDB: Initializing buffer pool, total size = 16M, instances = 1, chunk size = 16M
2025-12-02 13:08:38 0 [Note] InnoDB: Completed initialization of buffer pool
2025-12-02 13:08:38 0 [Note] InnoDB: Starting crash recovery from checkpoint LSN=472821
2025-12-02 13:08:39 0 [Note] InnoDB: 128 out of 128 rollback segments are active.
2025-12-02 13:08:39 0 [Note] InnoDB: Removed temporary tablespace data file: "ibtmp1"
2025-12-02 13:08:39 0 [Note] InnoDB: Creating shared tablespace for temporary tables
2025-12-02 13:08:39 0 [Note] InnoDB: Setting file 'C:\xampp\mysql\data\ibtmp1' size to 12 MB. Physically writing the file full; Please wait ...
2025-12-02 13:08:39 0 [Note] InnoDB: File 'C:\xampp\mysql\data\ibtmp1' size is now 12 MB.
2025-12-02 13:08:39 0 [Note] InnoDB: Waiting for purge to start
2025-12-02 13:08:39 0 [Note] InnoDB: 10.4.32 started; log sequence number 472830; transaction id 365
2025-12-02 13:08:39 0 [Note] InnoDB: Loading buffer pool(s) from C:\xampp\mysql\data\ib_buffer_pool
2025-12-02 13:08:39 0 [Note] Plugin 'FEEDBACK' is disabled.
2025-12-02 13:08:39 0 [ERROR] InnoDB: Expected tablespace id 3 but found 4294967294 in the file .\mysql\transaction_registry.ibd
2025-12-02 13:08:39 0 [Note] InnoDB: trying to read page [page id: space=3, page number=0] in the background in a non-existing or being-dropped tablespace
2025-12-02 13:08:39 0 [ERROR] InnoDB: Expected tablespace id 3 but found 4294967294 in the file .\mysql\transaction_registry.ibd
2025-12-02 13:08:39 0 [Note] InnoDB: trying to read page [page id: space=3, page number=1] in the background in a non-existing or being-dropped tablespace
2025-12-02 13:08:39 0 [ERROR] InnoDB: Expected tablespace id 3 but found 4294967294 in the file .\mysql\transaction_registry.ibd
2025-12-02 13:08:39 0 [Note] InnoDB: trying to read page [page id: space=3, page number=2] in the background in a non-existing or being-dropped tablespace
2025-12-02 13:08:39 0 [ERROR] InnoDB: Expected tablespace id 3 but found 4294967294 in the file .\mysql\transaction_registry.ibd
2025-12-02 13:08:39 0 [Note] InnoDB: trying to read page [page id: space=3, page number=3] in the background in a non-existing or being-dropped tablespace
2025-12-02 13:08:39 0 [ERROR] InnoDB: Expected tablespace id 3 but found 4294967294 in the file .\mysql\transaction_registry.ibd
2025-12-02 13:08:39 0 [Note] InnoDB: trying to read page [page id: space=3, page number=4] in the background in a non-existing or being-dropped tablespace
2025-12-02 13:08:39 0 [ERROR] InnoDB: Expected tablespace id 3 but found 4294967294 in the file .\mysql\transaction_registry.ibd
2025-12-02 13:08:39 0 [Note] InnoDB: trying to read page [page id: space=3, page number=5] in the background in a non-existing or being-dropped tablespace
2025-12-02 13:08:39 0 [ERROR] InnoDB: Expected tablespace id 3 but found 4294967294 in the file .\mysql\transaction_registry.ibd
2025-12-02 13:08:39 0 [Note] InnoDB: trying to read page [page id: space=3, page number=6] in the background in a non-existing or being-dropped tablespace
2025-12-02 13:08:39 0 [Note] InnoDB: Buffer pool(s) load completed at 251202 13:08:39
2025-12-02 13:08:39 0 [Note] Server socket created on IP: '::'.
2025-12-02 13:53:10 0 [Note] Starting MariaDB 10.4.32-MariaDB source revision c4143f909528e3fab0677a28631d10389354c491 as process 5488
2025-12-02 13:53:10 0 [Note] InnoDB: Mutexes and rw_locks use Windows interlocked functions
2025-12-02 13:53:10 0 [Note] InnoDB: Uses event mutexes
2025-12-02 13:53:10 0 [Note] InnoDB: Compressed tables use zlib 1.3
2025-12-02 13:53:10 0 [Note] InnoDB: Number of pools: 1
2025-12-02 13:53:10 0 [Note] InnoDB: Using SSE2 crc32 instructions
2025-12-02 13:53:10 0 [Note] InnoDB: Initializing buffer pool, total size = 16M, instances = 1, chunk size = 16M
2025-12-02 13:53:10 0 [Note] InnoDB: Completed initialization of buffer pool
2025-12-02 13:53:10 0 [Note] InnoDB: Starting crash recovery from checkpoint LSN=472839
2025-12-02 13:53:10 0 [Note] InnoDB: 128 out of 128 rollback segments are active.
2025-12-02 13:53:10 0 [Note] InnoDB: Removed temporary tablespace data file: "ibtmp1"
2025-12-02 13:53:10 0 [Note] InnoDB: Creating shared tablespace for temporary tables
2025-12-02 13:53:10 0 [Note] InnoDB: Setting file 'C:\xampp\mysql\data\ibtmp1' size to 12 MB. Physically writing the file full; Please wait ...
2025-12-02 13:53:10 0 [Note] InnoDB: File 'C:\xampp\mysql\data\ibtmp1' size is now 12 MB.
2025-12-02 13:53:10 0 [Note] InnoDB: Waiting for purge to start
2025-12-02 13:53:10 0 [Note] InnoDB: 10.4.32 started; log sequence number 472848; transaction id 365
2025-12-02 13:53:10 0 [Note] InnoDB: Loading buffer pool(s) from C:\xampp\mysql\data\ib_buffer_pool
2025-12-02 13:53:10 0 [Note] Plugin 'FEEDBACK' is disabled.
2025-12-02 13:53:10 0 [ERROR] InnoDB: Expected tablespace id 3 but found 4294967294 in the file .\mysql\transaction_registry.ibd
2025-12-02 13:53:10 0 [Note] InnoDB: trying to read page [page id: space=3, page number=0] in the background in a non-existing or being-dropped tablespace
2025-12-02 13:53:10 0 [ERROR] InnoDB: Expected tablespace id 3 but found 4294967294 in the file .\mysql\transaction_registry.ibd
2025-12-02 13:53:10 0 [Note] Server socket created on IP: '::'.
2025-12-02 13:53:10 0 [Note] InnoDB: trying t2025-12-02 13:53:24 0 [Note] Starting MariaDB 10.4.32-MariaDB source revision c4143f909528e3fab0677a28631d10389354c491 as process 27368
2025-12-02 13:53:24 0 [Note] InnoDB: Mutexes and rw_locks use Windows interlocked functions
2025-12-02 13:53:24 0 [Note] InnoDB: Uses event mutexes
2025-12-02 13:53:24 0 [Note] InnoDB: Compressed tables use zlib 1.3
2025-12-02 13:53:24 0 [Note] InnoDB: Number of pools: 1
2025-12-02 13:53:24 0 [Note] InnoDB: Using SSE2 crc32 instructions
2025-12-02 13:53:24 0 [Note] InnoDB: Initializing buffer pool, total size = 16M, instances = 1, chunk size = 16M
2025-12-02 13:53:24 0 [Note] InnoDB: Completed initialization of buffer pool
2025-12-02 13:53:24 0 [Note] InnoDB: Starting crash recovery from checkpoint LSN=472839
2025-12-02 13:53:24 0 [Note] InnoDB: 128 out of 128 rollback segments are active.
2025-12-02 13:53:24 0 [Note] InnoDB: Removed temporary tablespace data file: "ibtmp1"
2025-12-02 13:53:24 0 [Note] InnoDB: Creating shared tablespace for temporary tables
2025-12-02 13:53:24 0 [Note] InnoDB: Setting file 'C:\xampp\mysql\data\ibtmp1' size to 12 MB. Physically writing the file full; Please wait ...
2025-12-02 13:53:24 0 [Note] InnoDB: File 'C:\xampp\mysql\data\ibtmp1' size is now 12 MB.
2025-12-02 13:53:24 0 [Note] InnoDB: Waiting for purge to start
2025-12-02 13:53:24 0 [Note] InnoDB: 10.4.32 started; log sequence number 472848; transaction id 365
2025-12-02 13:53:24 0 [Note] InnoDB: Loading buffer pool(s) from C:\xampp\mysql\data\ib_buffer_pool
2025-12-02 13:53:24 0 [Note] Plugin 'FEEDBACK' is disabled.
2025-12-02 13:53:24 0 [ERROR] InnoDB: Expected tablespace id 3 but found 4294967294 in the file .\mysql\transaction_registry.ibd
2025-12-02 13:53:24 0 [Note] InnoDB: trying to read page [page id: space=3, page number=0] in the background in a non-existing or being-dropped tablespace
2025-12-02 13:53:24 0 [Note] Server socket created on IP: '::'.
2025-12-02 13:53:24 0 2025-12-02 14:13:37 0 [Note] Starting MariaDB 10.4.32-MariaDB source revision c4143f909528e3fab0677a28631d10389354c491 as process 13348
2025-12-02 14:13:37 0 [Note] InnoDB: Mutexes and rw_locks use Windows interlocked functions
2025-12-02 14:13:37 0 [Note] InnoDB: Uses event mutexes
2025-12-02 14:13:37 0 [Note] InnoDB: Compressed tables use zlib 1.3
2025-12-02 14:13:37 0 [Note] InnoDB: Number of pools: 1
2025-12-02 14:13:37 0 [Note] InnoDB: Using SSE2 crc32 instructions
2025-12-02 14:13:37 0 [Note] InnoDB: Initializing buffer pool, total size = 16M, instances = 1, chunk size = 16M
2025-12-02 14:13:37 0 [Note] InnoDB: Completed initialization of buffer pool
2025-12-02 14:13:37 0 [Note] InnoDB: Starting crash recovery from checkpoint LSN=613077
2025-12-02 14:13:38 0 [Note] InnoDB: 128 out of 128 rollback segments are active.
2025-12-02 14:13:38 0 [Note] InnoDB: Removed temporary tablespace data file: "ibtmp1"
2025-12-02 14:13:38 0 [Note] InnoDB: Creating shared tablespace for temporary tables
2025-12-02 14:13:38 0 [Note] InnoDB: Setting file 'C:\xampp\mysql\data\ibtmp1' size to 12 MB. Physically writing the file full; Please wait ...
2025-12-02 14:13:38 0 [Note] InnoDB: File 'C:\xampp\mysql\data\ibtmp1' size is now 12 MB.
2025-12-02 14:13:38 0 [Note] InnoDB: Waiting for purge to start
2025-12-02 14:13:38 0 [Note] InnoDB: 10.4.32 started; log sequence number 613086; transaction id 517
2025-12-02 14:13:38 0 [Note] InnoDB: Loading buffer pool(s) from C:\xampp\mysql\data\ib_buffer_pool
2025-12-02 14:13:38 0 [Note] Plugin 'FEEDBACK' is disabled.
2025-12-02 14:13:38 0 [ERROR] InnoDB: Expected tablespace id 3 but found 4294967294 in the file .\mysql\transaction_registry.ibd
2025-12-02 14:13:38 0 [Note] InnoDB: trying to read page [page id: space=3, page number=0] in the background in a non-existing or being-dropped tablespace
2025-12-02 14:13:38 0 [ERROR] InnoDB: Expected tablespace id 3 but found 4294967294 in the file .\mysql\transaction_registry.ibd
2025-12-02 14:13:38 0 [Note] InnoDB: trying to read page [page id: space=3, page number=1] in the background in a non-existing or being-dropped tablespace
2025-12-02 14:13:38 0 [ERROR] InnoDB: Expected tablespace id 3 but found 4294967294 in the file .\mysql\transaction_registry.ibd
2025-12-02 14:13:38 0 [Note] InnoDB: trying to read page [page id: space=3, page number=2] in the background in a non-existing or being-dropped tablespace
2025-12-02 14:13:38 0 [ERROR] InnoDB: Expected tablespace id 3 but found 4294967294 in the file .\mysql\transaction_registry.ibd
2025-12-02 14:13:38 0 [Note] InnoDB: trying to read page [page id: space=3, page number=3] in the background in a non-existing or being-dropped tablespace
2025-12-02 14:13:38 0 [ERROR] InnoDB: Expected tablespace id 3 but found 4294967294 in the file .\mysql\transaction_registry.ibd
2025-12-02 14:13:38 0 [Note] InnoDB: trying to read page [page id: space=3, page number=4] in the background in a non-existing or being-dropped tablespace
2025-12-02 14:13:38 0 [ERROR] InnoDB: Expected tablespace id 3 but found 4294967294 in the file .\mysql\transaction_registry.ibd
2025-12-02 14:13:38 0 [Note] InnoDB: trying to read page [page id: space=3, page number=5] in the background in a non-existing or being-dropped tablespace
2025-12-02 14:13:38 0 [ERROR] InnoDB: Expected tablespace id 3 but found 4294967294 in the file .\mysql\transaction_registry.ibd
2025-12-02 14:13:38 0 [Note] InnoDB: trying to read page [page id: space=3, page number=6] in the background in a non-existing or being-dropped tablespace
2025-12-02 14:13:38 0 [Note] InnoDB: Buffer pool(s) load completed at 251202 14:13:38
2025-12-02 14:13:38 0 [Note] Server socket created on IP: '::'.
2025-12-03  9:04:12 0 [Note] Starting MariaDB 10.4.32-MariaDB source revision c4143f909528e3fab0677a28631d10389354c491 as process 29452
2025-12-03  9:04:12 0 [Note] InnoDB: Mutexes and rw_locks use Windows interlocked functions
2025-12-03  9:04:12 0 [Note] InnoDB: Uses event mutexes
2025-12-03  9:04:12 0 [Note] InnoDB: Compressed tables use zlib 1.3
2025-12-03  9:04:12 0 [Note] InnoDB: Number of pools: 1
2025-12-03  9:04:12 0 [Note] InnoDB: Using SSE2 crc32 instructions
2025-12-03  9:04:12 0 [Note] InnoDB: Initializing buffer pool, total size = 16M, instances = 1, chunk size = 16M
2025-12-03  9:04:12 0 [Note] InnoDB: Completed initialization of buffer pool
2025-12-03  9:04:12 0 [Note] InnoDB: Starting crash recovery from checkpoint LSN=613095
2025-12-03  9:04:13 0 [Note] InnoDB: 128 out of 128 rollback segments are active.
2025-12-03  9:04:13 0 [Note] InnoDB: Removed temporary tablespace data file: "ibtmp1"
2025-12-03  9:04:13 0 [Note] InnoDB: Creating shared tablespace for temporary tables
2025-12-03  9:04:13 0 [Note] InnoDB: Setting file 'C:\xampp\mysql\data\ibtmp1' size to 12 MB. Physically writing the file full; Please wait ...
2025-12-03  9:04:13 0 [Note] InnoDB: File 'C:\xampp\mysql\data\ibtmp1' size is now 12 MB.
2025-12-03  9:04:13 0 [Note] InnoDB: Waiting for purge to start
2025-12-03  9:04:13 0 [Note] InnoDB: 10.4.32 started; log sequence number 613104; transaction id 517
2025-12-03  9:04:13 0 [Note] Plugin 'FEEDBACK' is disabled.
2025-12-03  9:04:13 0 [Note] InnoDB: Loading buffer pool(s) from C:\xampp\mysql\data\ib_buffer_pool
2025-12-03  9:04:13 0 [ERROR] InnoDB: Expected tablespace id 3 but found 4294967294 in the file .\mysql\transaction_registry.ibd
2025-12-03  9:04:13 0 [Note] InnoDB: trying to read page [page id: space=3, page number=0] in the background in a non-existing or being-dropped tablespace
2025-12-03  9:04:13 0 [ERROR] InnoDB: Expected tablespace id 3 but found 4294967294 in the file .\mysql\transaction_registry.ibd
2025-12-03  9:04:13 0 [Note] InnoDB: trying to read page [page id: space=3, page number=1] in the background in a non-existing or being-dropped tablespace
2025-12-03  9:04:13 0 [ERROR] InnoDB: Expected tablespace id 3 but found 4294967294 in the file .\mysql\transaction_registry.ibd
2025-12-03  9:04:13 0 [Note] InnoDB: trying to read page [page id: space=3, page number=2] in the background in a non-existing or being-dropped tablespace
2025-12-03  9:04:13 0 [ERROR] InnoDB: Expected tablespace id 3 but found 4294967294 in the file .\mysql\transaction_registry.ibd
2025-12-03  9:04:13 0 [Note] InnoDB: trying to read page [page id: space=3, page number=3] in the background in a non-existing or being-dropped tablespace
2025-12-03  9:04:13 0 [ERROR] InnoDB: Expected tablespace id 3 but found 4294967294 in the file .\mysql\transaction_registry.ibd
2025-12-03  9:04:13 0 [Note] InnoDB: trying to read page [page id: space=3, page number=4] in the background in a non-existing or being-dropped tablespace
2025-12-03  9:04:13 0 [ERROR] InnoDB: Expected tablespace id 3 but found 4294967294 in the file .\mysql\transaction_registry.ibd
2025-12-03  9:04:13 0 [Note] InnoDB: trying to read page [page id: space=3, page number=5] in the background in a non-existing or being-dropped tablespace
2025-12-03  9:04:13 0 [ERROR] InnoDB: Expected tablespace id 3 but found 4294967294 in the file .\mysql\transaction_registry.ibd
2025-12-03  9:04:13 0 [Note] InnoDB: trying to read page [page id: space=3, page number=6] in the background in a non-existing or being-dropped tablespace
2025-12-03  9:04:13 0 [Note] InnoDB: Buffer pool(s) load completed at 251203  9:04:13
2025-12-03  9:04:13 0 [Note] Server socket created on IP: '::'.
2025-12-03  9:04:15 0 [Note] Starting MariaDB 10.4.32-MariaDB source revision c4143f909528e3fab0677a28631d10389354c491 as process 22208
2025-12-03  9:04:15 0 [Note] InnoDB: Mutexes and rw_locks use Windows interlocked functions
2025-12-03  9:04:15 0 [Note] InnoDB: Uses event mutexes
2025-12-03  9:04:15 0 [Note] InnoDB: Compressed tables use zlib 1.3
2025-12-03  9:04:15 0 [Note] InnoDB: Number of pools: 1
2025-12-03  9:04:15 0 [Note] InnoDB: Using SSE2 crc32 instructions
2025-12-03  9:04:15 0 [Note] InnoDB: Initializing buffer pool, total size = 16M, instances = 1, chunk size = 16M
2025-12-03  9:04:15 0 [Note] InnoDB: Completed initialization of buffer pool
2025-12-03  9:04:15 0 [Note] InnoDB: Starting crash recovery from checkpoint LSN=613095
2025-12-03  9:04:16 0 [Note] InnoDB: 128 out of 128 rollback segments are active.
2025-12-03  9:04:16 0 [Note] InnoDB: Removed temporary tablespace data file: "ibtmp1"
2025-12-03  9:04:16 0 [Note] InnoDB: Creating shared tablespace for temporary tables
2025-12-03  9:04:16 0 [Note] InnoDB: Setting file 'C:\xampp\mysql\data\ibtmp1' size to 12 MB. Physically writing the file full; Please wait ...
2025-12-03  9:04:16 0 [Note] InnoDB: File 'C:\xampp\mysql\data\ibtmp1' size is now 12 MB.
2025-12-03  9:04:16 0 [Note] InnoDB: Waiting for purge to start
2025-12-03  9:04:16 0 [Note] InnoDB: 10.4.32 started; log sequence number 613104; transaction id 517
2025-12-03  9:04:16 0 [Note] InnoDB: Loading buffer pool(s) from C:\xampp\mysql\data\ib_buffer_pool
2025-12-03  9:04:16 0 [Note] Plugin 'FEEDBACK' is disabled.
2025-12-03  9:04:16 0 [ERROR] InnoDB: Expected tablespace id 3 but found 4294967294 in the file .\mysql\transaction_registry.ibd
2025-12-03  9:04:16 0 [Note] InnoDB: trying to read page [page id: space=3, page number=0] in the background in a non-existing or being-dropped tablespace
2025-12-03  9:04:16 0 [Note] Server socket created on IP: '::'.
2025-12-03  9:04:16 0 [ERROR] InnoDB: Expected tablespace id 3 but2025-12-03 19:12:55 0 [Note] Starting MariaDB 10.4.32-MariaDB source revision c4143f909528e3fab0677a28631d10389354c491 as process 29632
2025-12-03 19:12:55 0 [Note] InnoDB: Mutexes and rw_locks use Windows interlocked functions
2025-12-03 19:12:56 0 [Note] InnoDB: Uses event mutexes
2025-12-03 19:12:56 0 [Note] InnoDB: Compressed tables use zlib 1.3
2025-12-03 19:12:56 0 [Note] InnoDB: Number of pools: 1
2025-12-03 19:12:56 0 [Note] InnoDB: Using SSE2 crc32 instructions
2025-12-03 19:12:56 0 [Note] InnoDB: Initializing buffer pool, total size = 16M, instances = 1, chunk size = 16M
2025-12-03 19:12:56 0 [Note] InnoDB: Completed initialization of buffer pool
2025-12-03 19:12:56 0 [Note] InnoDB: Starting crash recovery from checkpoint LSN=613113
2025-12-03 19:12:56 0 [Note] InnoDB: 128 out of 128 rollback segments are active.
2025-12-03 19:12:56 0 [Note] InnoDB: Removed temporary tablespace data file: "ibtmp1"
2025-12-03 19:12:56 0 [Note] InnoDB: Creating shared tablespace for temporary tables
2025-12-03 19:12:56 0 [Note] InnoDB: Setting file 'C:\xampp\mysql\data\ibtmp1' size to 12 MB. Physically writing the file full; Please wait ...
2025-12-03 19:12:56 0 [Note] InnoDB: File 'C:\xampp\mysql\data\ibtmp1' size is now 12 MB.
2025-12-03 19:12:56 0 [Note] InnoDB: Waiting for purge to start
2025-12-03 19:12:56 0 [Note] InnoDB: 10.4.32 started; log sequence number 613122; transaction id 517
2025-12-03 19:12:56 0 [Note] InnoDB: Loading buffer pool(s) from C:\xampp\mysql\data\ib_buffer_pool
2025-12-03 19:12:56 0 [Note] Plugin 'FEEDBACK' is disabled.
2025-12-03 19:12:56 0 [ERROR] InnoDB: Expected tablespace id 3 but found 4294967294 in the file .\mysql\transaction_registry.ibd
2025-12-03 19:12:56 0 [Note] InnoDB: trying to read page [page id: space=3, page number=0] in the background in a non-existing or being-dropped tablespace
2025-12-03 19:12:56 0 [ERROR] InnoDB: Expected tablespace id 3 but found 4294967294 in the file .\mysql\transaction_registry.ibd
2025-12-03 19:12:56 0 [Note] InnoDB: trying to read page [page id: space=3, page number=1] in the background in a non-existing or being-dropped tablespace
2025-12-03 19:12:56 0 [ERROR] InnoDB: Expected tablespace id 3 but found 4294967294 in the file .\mysql\transaction_registry.ibd
2025-12-03 19:12:56 0 [Note] InnoDB: trying to read page [page id: space=3, page number=2] in the background in a non-existing or being-dropped tablespace
2025-12-03 19:12:56 0 [ERROR] InnoDB: Expected tablespace id 3 but found 4294967294 in the file .\mysql\transaction_registry.ibd
2025-12-03 19:12:56 0 [Note] InnoDB: trying to read page [page id: space=3, page number=3] in the background in a non-existing or being-dropped tablespace
2025-12-03 19:12:56 0 [ERROR] InnoDB: Expected tablespace id 3 but found 4294967294 in the file .\mysql\transaction_registry.ibd
2025-12-03 19:12:56 0 [Note] InnoDB: trying to read page [page id: space=3, page number=4] in the background in a non-existing or being-dropped tablespace
2025-12-03 19:12:56 0 [ERROR] InnoDB: Expected tablespace id 3 but found 4294967294 in the file .\mysql\transaction_registry.ibd
2025-12-03 19:12:56 0 [Note] InnoDB: trying to read page [page id: space=3, page number=5] in the background in a non-existing or being-dropped tablespace
2025-12-03 19:12:56 0 [ERROR] InnoDB: Expected tablespace id 3 but found 4294967294 in the file .\mysql\transaction_registry.ibd
2025-12-03 19:12:56 0 [Note] InnoDB: trying to read page [page id: space=3, page number=6] in the background in a non-existing or being-dropped tablespace
2025-12-03 19:12:56 0 [Note] InnoDB: Buffer pool(s) load completed at 251203 19:12:56
2025-12-03 19:12:56 0 [Note] Server socket created on IP: '::'.
2025-12-04  9:49:14 0 [Note] Starting MariaDB 10.4.32-MariaDB source revision c4143f909528e3fab0677a28631d10389354c491 as process 1908
2025-12-04  9:49:14 0 [Note] InnoDB: Mutexes and rw_locks use Windows interlocked functions
2025-12-04  9:49:14 0 [Note] InnoDB: Uses event mutexes
2025-12-04  9:49:14 0 [Note] InnoDB: Compressed tables use zlib 1.3
2025-12-04  9:49:14 0 [Note] InnoDB: Number of pools: 1
2025-12-04  9:49:14 0 [Note] InnoDB: Using SSE2 crc32 instructions
2025-12-04  9:49:14 0 [Note] InnoDB: Initializing buffer pool, total size = 16M, instances = 1, chunk size = 16M
2025-12-04  9:49:14 0 [Note] InnoDB: Completed initialization of buffer pool
2025-12-04  9:49:14 0 [Note] InnoDB: Starting crash recovery from checkpoint LSN=754765
2025-12-04  9:49:15 0 [Note] InnoDB: 128 out of 128 rollback segments are active.
2025-12-04  9:49:15 0 [Note] InnoDB: Removed temporary tablespace data file: "ibtmp1"
2025-12-04  9:49:15 0 [Note] InnoDB: Creating shared tablespace for temporary tables
2025-12-04  9:49:15 0 [Note] InnoDB: Setting file 'C:\xampp\mysql\data\ibtmp1' size to 12 MB. Physically writing the file full; Please wait ...
2025-12-04  9:49:15 0 [Note] InnoDB: File 'C:\xampp\mysql\data\ibtmp1' size is now 12 MB.
2025-12-04  9:49:15 0 [Note] InnoDB: Waiting for purge to start
2025-12-04  9:49:15 0 [Note] InnoDB: 10.4.32 started; log sequence number 754774; transaction id 644
2025-12-04  9:49:15 0 [Note] InnoDB: Loading buffer pool(s) from C:\xampp\mysql\data\ib_buffer_pool
2025-12-04  9:49:15 0 [Note] Plugin 'FEEDBACK' is disabled.
2025-12-04  9:49:15 0 [ERROR] InnoDB: Expected tablespace id 3 but found 4294967294 in the file .\mysql\transaction_registry.ibd
2025-12-04  9:49:15 0 [Note] InnoDB: trying to read page [page id: space=3, page number=0] in the background in a non-existing or being-dropped tablespace
2025-12-04  9:49:15 0 [ERROR] InnoDB: Expected tablespace id 3 but found 4294967294 in the file .\mysql\transaction_registry.ibd
2025-12-04  9:49:15 0 [Note] InnoDB: trying to read page [page id: space=3, page number=1] in the background in a non-existing or being-dropped tablespace
2025-12-04  9:49:15 0 [ERROR] InnoDB: Expected tablespace id 3 but found 4294967294 in the file .\mysql\transaction_registry.ibd
2025-12-04  9:49:15 0 [Note] InnoDB: trying to read page [page id: space=3, page number=2] in the background in a non-existing or being-dropped tablespace
2025-12-04  9:49:15 0 [ERROR] InnoDB: Expected tablespace id 3 but found 4294967294 in the file .\mysql\transaction_registry.ibd
2025-12-04  9:49:15 0 [Note] InnoDB: trying to read page [page id: space=3, page number=3] in the background in a non-existing or being-dropped tablespace
2025-12-04  9:49:15 0 [ERROR] InnoDB: Expected tablespace id 3 but found 4294967294 in the file .\mysql\transaction_registry.ibd
2025-12-04  9:49:15 0 [Note] InnoDB: trying to read page [page id: space=3, page number=4] in the background in a non-existing or being-dropped tablespace
2025-12-04  9:49:15 0 [ERROR] InnoDB: Expected tablespace id 3 but found 4294967294 in the file .\mysql\transaction_registry.ibd
2025-12-04  9:49:15 0 [Note] InnoDB: trying to read page [page id: space=3, page number=5] in the background in a non-existing or being-dropped tablespace
2025-12-04  9:49:15 0 [ERROR] InnoDB: Expected tablespace id 3 but found 4294967294 in the file .\mysql\transaction_registry.ibd
2025-12-04  9:49:15 0 [Note] InnoDB: trying to read page [page id: space=3, page number=6] in the background in a non-existing or being-dropped tablespace
2025-12-04  9:49:15 0 [Note] InnoDB: Buffer pool(s) load completed at 251204  9:49:15
2025-12-04  9:49:15 0 [Note] Server socket created on IP: '::'.
2025-12-09  8:43:31 0 [Note] Starting MariaDB 10.4.32-MariaDB source revision c4143f909528e3fab0677a28631d10389354c491 as process 3868
2025-12-09  8:43:31 0 [Note] InnoDB: Mutexes and rw_locks use Windows interlocked functions
2025-12-09  8:43:31 0 [Note] InnoDB: Uses event mutexes
2025-12-09  8:43:31 0 [Note] InnoDB: Compressed tables use zlib 1.3
2025-12-09  8:43:31 0 [Note] InnoDB: Number of pools: 1
2025-12-09  8:43:31 0 [Note] InnoDB: Using SSE2 crc32 instructions
2025-12-09  8:43:31 0 [Note] InnoDB: Initializing buffer pool, total size = 16M, instances = 1, chunk size = 16M
2025-12-09  8:43:31 0 [Note] InnoDB: Completed initialization of buffer pool
2025-12-09  8:43:31 0 [Note] InnoDB: Starting crash recovery from checkpoint LSN=754783
2025-12-09  8:43:32 0 [Note] InnoDB: 128 out of 128 rollback segments are active.
2025-12-09  8:43:32 0 [Note] InnoDB: Removed temporary tablespace data file: "ibtmp1"
2025-12-09  8:43:32 0 [Note] InnoDB: Creating shared tablespace for temporary tables
2025-12-09  8:43:32 0 [Note] InnoDB: Setting file 'C:\xampp\mysql\data\ibtmp1' size to 12 MB. Physically writing the file full; Please wait ...
2025-12-09  8:43:32 0 [Note] InnoDB: File 'C:\xampp\mysql\data\ibtmp1' size is now 12 MB.
2025-12-09  8:43:32 0 [Note] InnoDB: Waiting for purge to start
2025-12-09  8:43:32 0 [Note] InnoDB: 10.4.32 started; log sequence number 754792; transaction id 644
2025-12-09  8:43:32 0 [Note] InnoDB: Loading buffer pool(s) from C:\xampp\mysql\data\ib_buffer_pool
2025-12-09  8:43:32 0 [Note] Plugin 'FEEDBACK' is disabled.
2025-12-09  8:43:32 0 [ERROR] InnoDB: Expected tablespace id 3 but found 4294967294 in the file .\mysql\transaction_registry.ibd
2025-12-09  8:43:32 0 [Note] InnoDB: trying to read page [page id: space=3, page number=0] in the background in a non-existing or being-dropped tablespace
2025-12-09  8:43:32 0 [ERROR] InnoDB: Expected tablespace id 3 but found 4294967294 in the file .\mysql\transaction_registry.ibd
2025-12-09  8:43:32 0 [Note] InnoDB: trying to read page [page id: space=3, page number=1] in the background in a non-existing or being-dropped tablespace
2025-12-09  8:43:32 0 [ERROR] InnoDB: Expected tablespace id 3 but found 4294967294 in the file .\mysql\transaction_registry.ibd
2025-12-09  8:43:32 0 [Note] InnoDB: trying to read page [page id: space=3, page number=2] in the background in a non-existing or being-dropped tablespace
2025-12-09  8:43:32 0 [ERROR] InnoDB: Expected tablespace id 3 but found 4294967294 in the file .\mysql\transaction_registry.ibd
2025-12-09  8:43:32 0 [Note] InnoDB: trying to read page [page id: space=3, page number=3] in the background in a non-existing or being-dropped tablespace
2025-12-09  8:43:32 0 [ERROR] InnoDB: Expected tablespace id 3 but found 4294967294 in the file .\mysql\transaction_registry.ibd
2025-12-09  8:43:32 0 [Note] InnoDB: trying to read page [page id: space=3, page number=4] in the background in a non-existing or being-dropped tablespace
2025-12-09  8:43:32 0 [ERROR] InnoDB: Expected tablespace id 3 but found 4294967294 in the file .\mysql\transaction_registry.ibd
2025-12-09  8:43:32 0 [Note] InnoDB: trying to read page [page id: space=3, page number=5] in the background in a non-existing or being-dropped tablespace
2025-12-09  8:43:32 0 [ERROR] InnoDB: Expected tablespace id 3 but found 4294967294 in the file .\mysql\transaction_registry.ibd
2025-12-09  8:43:32 0 [Note] InnoDB: trying to read page [page id: space=3, page number=6] in the background in a non-existing or being-dropped tablespace
2025-12-09  8:43:32 0 [Note] InnoDB: Buffer pool(s) load completed at 251209  8:43:32
2025-12-09  8:43:32 0 [Note] Server socket created on IP: '::'.
2025-12-09 12:05:52 0 [Note] Starting MariaDB 10.4.32-MariaDB source revision c4143f909528e3fab0677a28631d10389354c491 as process 8308
2025-12-09 12:05:52 0 [Note] InnoDB: Mutexes and rw_locks use Windows interlocked functions
2025-12-09 12:05:52 0 [Note] InnoDB: Uses event mutexes
2025-12-09 12:05:52 0 [Note] InnoDB: Compressed tables use zlib 1.3
2025-12-09 12:05:52 0 [Note] InnoDB: Number of pools: 1
2025-12-09 12:05:52 0 [Note] InnoDB: Using SSE2 crc32 instructions
2025-12-09 12:05:52 0 [Note] InnoDB: Initializing buffer pool, total size = 16M, instances = 1, chunk size = 16M
2025-12-09 12:05:52 0 [Note] InnoDB: Completed initialization of buffer pool
2025-12-09 12:05:52 0 [Note] InnoDB: Starting crash recovery from checkpoint LSN=884801
2025-12-09 12:05:54 0 [Note] InnoDB: 128 out of 128 rollback segments are active.
2025-12-09 12:05:54 0 [Note] InnoDB: Removed temporary tablespace data file: "ibtmp1"
2025-12-09 12:05:54 0 [Note] InnoDB: Creating shared tablespace for temporary tables
2025-12-09 12:05:54 0 [Note] InnoDB: Setting file 'C:\xampp\mysql\data\ibtmp1' size to 12 MB. Physically writing the file full; Please wait ...
2025-12-09 12:05:54 0 [Note] InnoDB: File 'C:\xampp\mysql\data\ibtmp1' size is now 12 MB.
2025-12-09 12:05:54 0 [Note] InnoDB: Waiting for purge to start
2025-12-09 12:05:54 0 [Note] InnoDB: 10.4.32 started; log sequence number 884810; transaction id 920
2025-12-09 12:05:54 0 [Note] InnoDB: Loading buffer pool(s) from C:\xampp\mysql\data\ib_buffer_pool
2025-12-09 12:05:54 0 [Note] Plugin 'FEEDBACK' is disabled.
2025-12-09 12:05:55 0 [ERROR] InnoDB: Expected tablespace id 3 but found 4294967294 in the file .\mysql\transaction_registry.ibd
2025-12-09 12:05:55 0 [Note] InnoDB: trying to read page [page id: space=3, page number=0] in the background in a non-existing or being-dropped tablespace
2025-12-09 12:05:55 0 [ERROR] InnoDB: Expected tablespace id 3 but found 4294967294 in the file .\mysql\transaction_registry.ibd
2025-12-09 12:05:55 0 [Note] InnoDB: trying to read page [page id: space=3, page number=1] in the background in a non-existing or being-dropped tablespace
2025-12-09 12:05:55 0 [ERROR] InnoDB: Expected tablespace id 3 but found 4294967294 in the file .\mysql\transaction_registry.ibd
2025-12-09 12:05:55 0 [Note] InnoDB: trying to read page [page id: space=3, page number=2] in the background in a non-existing or being-dropped tablespace
2025-12-09 12:05:55 0 [ERROR] InnoDB: Expected tablespace id 3 but found 4294967294 in the file .\mysql\transaction_registry.ibd
2025-12-09 12:05:55 0 [Note] InnoDB: trying to read page [page id: space=3, page number=3] in the background in a non-existing or being-dropped tablespace
2025-12-09 12:05:55 0 [ERROR] InnoDB: Expected tablespace id 3 but found 4294967294 in the file .\mysql\transaction_registry.ibd
2025-12-09 12:05:55 0 [Note] InnoDB: trying to read page [page id: space=3, page number=4] in the background in a non-existing or being-dropped tablespace
2025-12-09 12:05:55 0 [ERROR] InnoDB: Expected tablespace id 3 but found 4294967294 in the file .\mysql\transaction_registry.ibd
2025-12-09 12:05:55 0 [Note] InnoDB: trying to read page [page id: space=3, page number=5] in the background in a non-existing or being-dropped tablespace
2025-12-09 12:05:55 0 [ERROR] InnoDB: Expected tablespace id 3 but found 4294967294 in the file .\mysql\transaction_registry.ibd
2025-12-09 12:05:55 0 [Note] InnoDB: trying to read page [page id: space=3, page number=6] in the background in a non-existing or being-dropped tablespace
2025-12-09 12:05:55 0 [Note] InnoDB: Buffer pool(s) load completed at 251209 12:05:55
2025-12-09 12:05:55 0 [Note] Server socket created on IP: '::'.
2025-12-10 12:56:24 0 [Note] Starting MariaDB 10.4.32-MariaDB source revision c4143f909528e3fab0677a28631d10389354c491 as process 26732
2025-12-10 12:56:24 0 [Note] InnoDB: Mutexes and rw_locks use Windows interlocked functions
2025-12-10 12:56:24 0 [Note] InnoDB: Uses event mutexes
2025-12-10 12:56:24 0 [Note] InnoDB: Compressed tables use zlib 1.3
2025-12-10 12:56:24 0 [Note] InnoDB: Number of pools: 1
2025-12-10 12:56:24 0 [Note] InnoDB: Using SSE2 crc32 instructions
2025-12-10 12:56:24 0 [Note] InnoDB: Initializing buffer pool, total size = 16M, instances = 1, chunk size = 16M
2025-12-10 12:56:24 0 [Note] InnoDB: Completed initialization of buffer pool
2025-12-10 12:56:24 0 [Note] InnoDB: Starting crash recovery from checkpoint LSN=884819
2025-12-10 12:56:25 0 [Note] InnoDB: 128 out of 128 rollback segments are active.
2025-12-10 12:56:25 0 [Note] InnoDB: Removed temporary tablespace data file: "ibtmp1"
2025-12-10 12:56:25 0 [Note] InnoDB: Creating shared tablespace for temporary tables
2025-12-10 12:56:25 0 [Note] InnoDB: Setting file 'C:\xampp\mysql\data\ibtmp1' size to 12 MB. Physically writing the file full; Please wait ...
2025-12-10 12:56:25 0 [Note] InnoDB: File 'C:\xampp\mysql\data\ibtmp1' size is now 12 MB.
2025-12-10 12:56:25 0 [Note] InnoDB: Waiting for purge to start
2025-12-10 12:56:25 0 [Note] InnoDB: 10.4.32 started; log sequence number 884828; transaction id 920
2025-12-10 12:56:25 0 [Note] Plugin 'FEEDBACK' is disabled.
2025-12-10 12:56:25 0 [Note] InnoDB: Loading buffer pool(s) from C:\xampp\mysql\data\ib_buffer_pool
2025-12-10 12:56:25 0 [ERROR] InnoDB: Expected tablespace id 3 but found 4294967294 in the file .\mysql\transaction_registry.ibd
2025-12-10 12:56:25 0 [Note] InnoDB: trying to read page [page id: space=3, page number=0] in the background in a non-existing or being-dropped tablespace
2025-12-10 12:56:25 0 [ERROR] InnoDB: Expected tablespace id 3 but found 4294967294 in the file .\mysql\transaction_registry.ibd
2025-12-10 12:56:25 0 [Note] InnoDB: trying to read page [page id: space=3, page number=1] in the background in a non-existing or being-dropped tablespace
2025-12-10 12:56:25 0 [ERROR] InnoDB: Expected tablespace id 3 but found 4294967294 in the file .\mysql\transaction_registry.ibd
2025-12-10 12:56:25 0 [Note] InnoDB: trying to read page [page id: space=3, page number=2] in the background in a non-existing or being-dropped tablespace
2025-12-10 12:56:25 0 [ERROR] InnoDB: Expected tablespace id 3 but found 4294967294 in the file .\mysql\transaction_registry.ibd
2025-12-10 12:56:25 0 [Note] InnoDB: trying to read page [page id: space=3, page number=3] in the background in a non-existing or being-dropped tablespace
2025-12-10 12:56:25 0 [ERROR] InnoDB: Expected tablespace id 3 but found 4294967294 in the file .\mysql\transaction_registry.ibd
2025-12-10 12:56:25 0 [Note] InnoDB: trying to read page [page id: space=3, page number=4] in the background in a non-existing or being-dropped tablespace
2025-12-10 12:56:25 0 [ERROR] InnoDB: Expected tablespace id 3 but found 4294967294 in the file .\mysql\transaction_registry.ibd
2025-12-10 12:56:25 0 [Note] InnoDB: trying to read page [page id: space=3, page number=5] in the background in a non-existing or being-dropped tablespace
2025-12-10 12:56:25 0 [ERROR] InnoDB: Expected tablespace id 3 but found 4294967294 in the file .\mysql\transaction_registry.ibd
2025-12-10 12:56:25 0 [Note] InnoDB: trying to read page [page id: space=3, page number=6] in the background in a non-existing or being-dropped tablespace
2025-12-10 12:56:25 0 [Note] InnoDB: Buffer pool(s) load completed at 251210 12:56:25
2025-12-10 12:56:25 0 [Note] Server socket created on IP: '::'.
2025-12-11 20:57:56 0 [Note] Starting MariaDB 10.4.32-MariaDB source revision c4143f909528e3fab0677a28631d10389354c491 as process 2040
2025-12-11 20:57:56 0 [Note] InnoDB: Mutexes and rw_locks use Windows interlocked functions
2025-12-11 20:57:56 0 [Note] InnoDB: Uses event mutexes
2025-12-11 20:57:56 0 [Note] InnoDB: Compressed tables use zlib 1.3
2025-12-11 20:57:56 0 [Note] InnoDB: Number of pools: 1
2025-12-11 20:57:56 0 [Note] InnoDB: Using SSE2 crc32 instructions
2025-12-11 20:57:56 0 [Note] InnoDB: Initializing buffer pool, total size = 16M, instances = 1, chunk size = 16M
2025-12-11 20:57:56 0 [Note] InnoDB: Completed initialization of buffer pool
2025-12-11 20:57:56 0 [Note] InnoDB: Starting crash recovery from checkpoint LSN=884837
2025-12-11 20:57:57 0 [Note] InnoDB: 128 out of 128 rollback segments are active.
2025-12-11 20:57:57 0 [Note] InnoDB: Removed temporary tablespace data file: "ibtmp1"
2025-12-11 20:57:57 0 [Note] InnoDB: Creating shared tablespace for temporary tables
2025-12-11 20:57:57 0 [Note] InnoDB: Setting file 'C:\xampp\mysql\data\ibtmp1' size to 12 MB. Physically writing the file full; Please wait ...
2025-12-11 20:57:57 0 [Note] InnoDB: File 'C:\xampp\mysql\data\ibtmp1' size is now 12 MB.
2025-12-11 20:57:57 0 [Note] InnoDB: Waiting for purge to start
2025-12-11 20:57:57 0 [Note] InnoDB: 10.4.32 started; log sequence number 884846; transaction id 920
2025-12-11 20:57:57 0 [Note] Plugin 'FEEDBACK' is disabled.
2025-12-11 20:57:57 0 [Note] InnoDB: Loading buffer pool(s) from C:\xampp\mysql\data\ib_buffer_pool
2025-12-11 20:57:57 0 [ERROR] InnoDB: Expected tablespace id 3 but found 4294967294 in the file .\mysql\transaction_registry.ibd
2025-12-11 20:57:57 0 [Note] InnoDB: trying to read page [page id: space=3, page number=0] in the background in a non-existing or being-dropped tablespace
2025-12-11 20:57:57 0 [ERROR] InnoDB: Expected tablespace id 3 but found 4294967294 in the file .\mysql\transaction_registry.ibd
2025-12-11 20:57:57 0 [Note] InnoDB: trying to read page [page id: space=3, page number=1] in the background in a non-existing or being-dropped tablespace
2025-12-11 20:57:57 0 [ERROR] InnoDB: Expected tablespace id 3 but found 4294967294 in the file .\mysql\transaction_registry.ibd
2025-12-11 20:57:57 0 [Note] InnoDB: trying to read page [page id: space=3, page number=2] in the background in a non-existing or being-dropped tablespace
2025-12-11 20:57:57 0 [ERROR] InnoDB: Expected tablespace id 3 but found 4294967294 in the file .\mysql\transaction_registry.ibd
2025-12-11 20:57:57 0 [Note] InnoDB: trying to read page [page id: space=3, page number=3] in the background in a non-existing or being-dropped tablespace
2025-12-11 20:57:57 0 [ERROR] InnoDB: Expected tablespace id 3 but found 4294967294 in the file .\mysql\transaction_registry.ibd
2025-12-11 20:57:57 0 [Note] InnoDB: trying to read page [page id: space=3, page number=4] in the background in a non-existing or being-dropped tablespace
2025-12-11 20:57:57 0 [ERROR] InnoDB: Expected tablespace id 3 but found 4294967294 in the file .\mysql\transaction_registry.ibd
2025-12-11 20:57:57 0 [Note] InnoDB: trying to read page [page id: space=3, page number=5] in the background in a non-existing or being-dropped tablespace
2025-12-11 20:57:57 0 [ERROR] InnoDB: Expected tablespace id 3 but found 4294967294 in the file .\mysql\transaction_registry.ibd
2025-12-11 20:57:57 0 [Note] InnoDB: trying to read page [page id: space=3, page number=6] in the background in a non-existing or being-dropped tablespace
2025-12-11 20:57:57 0 [Note] InnoDB: Buffer pool(s) load completed at 251211 20:57:57
2025-12-11 20:57:57 0 [Note] Server socket created on IP: '::'.
2025-12-12  8:30:28 0 [Note] Starting MariaDB 10.4.32-MariaDB source revision c4143f909528e3fab0677a28631d10389354c491 as process 27676
2025-12-12  8:30:28 0 [Note] mysqld.exe: Aria engine: starting recovery
recovered pages: 0% 47% 97% 100% (0.0 seconds); tables to flush: 1 0
 (0.0 seconds); 
2025-12-12  8:30:28 0 [Note] mysqld.exe: Aria engine: recovery done
2025-12-12  8:30:28 0 [Note] InnoDB: Mutexes and rw_locks use Windows interlocked functions
2025-12-12  8:30:28 0 [Note] InnoDB: Uses event mutexes
2025-12-12  8:30:28 0 [Note] InnoDB: Compressed tables use zlib 1.3
2025-12-12  8:30:28 0 [Note] InnoDB: Number of pools: 1
2025-12-12  8:30:28 0 [Note] InnoDB: Using SSE2 crc32 instructions
2025-12-12  8:30:28 0 [Note] InnoDB: Initializing buffer pool, total size = 16M, instances = 1, chunk size = 16M
2025-12-12  8:30:28 0 [Note] InnoDB: Completed initialization of buffer pool
2025-12-12  8:30:28 0 [Note] InnoDB: Starting crash recovery from checkpoint LSN=934505
2025-12-12  8:30:28 0 [Note] InnoDB: 128 out of 128 rollback segments are active.
2025-12-12  8:30:28 0 [Note] InnoDB: Removed temporary tablespace data file: "ibtmp1"
2025-12-12  8:30:28 0 [Note] InnoDB: Creating shared tablespace for temporary tables
2025-12-12  8:30:28 0 [Note] InnoDB: Setting file 'C:\xampp\mysql\data\ibtmp1' size to 12 MB. Physically writing the file full; Please wait ...
2025-12-12  8:30:28 0 [Note] InnoDB: File 'C:\xampp\mysql\data\ibtmp1' size is now 12 MB.
2025-12-12  8:30:28 0 [Note] InnoDB: Waiting for purge to start
2025-12-12  8:30:28 0 [Note] InnoDB: 10.4.32 started; log sequence number 934514; transaction id 1022
2025-12-12  8:30:28 0 [Note] InnoDB: Loading buffer pool(s) from C:\xampp\mysql\data\ib_buffer_pool
2025-12-12  8:30:28 0 [Note] Plugin 'FEEDBACK' is disabled.
2025-12-12  8:30:28 0 [ERROR] InnoDB: Expected tablespace id 3 but found 4294967294 in the file .\mysql\transaction_registry.ibd
2025-12-12  8:30:28 0 [Note] InnoDB: trying to read page [page id: space=3, page number=0] in the background in a non-existing or being-dropped tablespace
2025-12-12  8:30:28 0 [ERROR] InnoDB: Expected tablespace id 3 but found 4294967294 in the file .\mysql\transaction_registry.ibd
2025-12-12  8:30:28 0 [Note] InnoDB: trying to read page [page id: space=3, page number=1] in the background in a non-existing or being-dropped tablespace
2025-12-12  8:30:28 0 [ERROR] InnoDB: Expected tablespace id 3 but found 4294967294 in the file .\mysql\transaction_registry.ibd
2025-12-12  8:30:28 0 [Note] InnoDB: trying to read page [page id: space=3, page number=2] in the background in a non-existing or being-dropped tablespace
2025-12-12  8:30:28 0 [ERROR] InnoDB: Expected tablespace id 3 but found 4294967294 in the file .\mysql\transaction_registry.ibd
2025-12-12  8:30:28 0 [Note] InnoDB: trying to read page [page id: space=3, page number=3] in the background in a non-existing or being-dropped tablespace
2025-12-12  8:30:28 0 [ERROR] InnoDB: Expected tablespace id 3 but found 4294967294 in the file .\mysql\transaction_registry.ibd
2025-12-12  8:30:28 0 [Note] InnoDB: trying to read page [page id: space=3, page number=4] in the background in a non-existing or being-dropped tablespace
2025-12-12  8:30:28 0 [ERROR] InnoDB: Expected tablespace id 3 but found 4294967294 in the file .\mysql\transaction_registry.ibd
2025-12-12  8:30:28 0 [Note] InnoDB: trying to read page [page id: space=3, page number=5] in the background in a non-existing or being-dropped tablespace
2025-12-12  8:30:28 0 [Note] Server socket created on IP: '::'.
2025-12-12  8:30:28 0 [ERROR] InnoDB2025-12-12 13:08:12 0 [Note] Starting MariaDB 10.4.32-MariaDB source revision c4143f909528e3fab0677a28631d10389354c491 as process 15104
2025-12-12 13:08:12 0 [Note] InnoDB: Mutexes and rw_locks use Windows interlocked functions
2025-12-12 13:08:12 0 [Note] InnoDB: Uses event mutexes
2025-12-12 13:08:12 0 [Note] InnoDB: Compressed tables use zlib 1.3
2025-12-12 13:08:12 0 [Note] InnoDB: Number of pools: 1
2025-12-12 13:08:12 0 [Note] InnoDB: Using SSE2 crc32 instructions
2025-12-12 13:08:12 0 [Note] InnoDB: Initializing buffer pool, total size = 16M, instances = 1, chunk size = 16M
2025-12-12 13:08:12 0 [Note] InnoDB: Completed initialization of buffer pool
2025-12-12 13:08:12 0 [Note] InnoDB: Starting crash recovery from checkpoint LSN=1275681
2025-12-12 13:08:13 0 [Note] InnoDB: 128 out of 128 rollback segments are active.
2025-12-12 13:08:13 0 [Note] InnoDB: Removed temporary tablespace data file: "ibtmp1"
2025-12-12 13:08:13 0 [Note] InnoDB: Creating shared tablespace for temporary tables
2025-12-12 13:08:13 0 [Note] InnoDB: Setting file 'C:\xampp\mysql\data\ibtmp1' size to 12 MB. Physically writing the file full; Please wait ...
2025-12-12 13:08:13 0 [Note] InnoDB: File 'C:\xampp\mysql\data\ibtmp1' size is now 12 MB.
2025-12-12 13:08:13 0 [Note] InnoDB: Waiting for purge to start
2025-12-12 13:08:13 0 [Note] InnoDB: 10.4.32 started; log sequence number 1275690; transaction id 1478
2025-12-12 13:08:13 0 [Note] InnoDB: Loading buffer pool(s) from C:\xampp\mysql\data\ib_buffer_pool
2025-12-12 13:08:13 0 [Note] Plugin 'FEEDBACK' is disabled.
2025-12-12 13:08:13 0 [ERROR] InnoDB: Expected tablespace id 3 but found 4294967294 in the file .\mysql\transaction_registry.ibd
2025-12-12 13:08:13 0 [Note] InnoDB: trying to read page [page id: space=3, page number=0] in the background in a non-existing or being-dropped tablespace
2025-12-12 13:08:13 0 [ERROR] InnoDB: Expected tablespace id 3 but found 4294967294 in the file .\mysql\transaction_registry.ibd
2025-12-12 13:08:13 0 [Note] InnoDB: trying to read page [page id: space=3, page number=1] in the background in a non-existing or being-dropped tablespace
2025-12-12 13:08:13 0 [ERROR] InnoDB: Expected tablespace id 3 but found 4294967294 in the file .\mysql\transaction_registry.ibd
2025-12-12 13:08:13 0 [Note] InnoDB: trying to read page [page id: space=3, page number=2] in the background in a non-existing or being-dropped tablespace
2025-12-12 13:08:13 0 [ERROR] InnoDB: Expected tablespace id 3 but found 4294967294 in the file .\mysql\transaction_registry.ibd
2025-12-12 13:08:13 0 [Note] InnoDB: trying to read page [page id: space=3, page number=3] in the background in a non-existing or being-dropped tablespace
2025-12-12 13:08:13 0 [ERROR] InnoDB: Expected tablespace id 3 but found 4294967294 in the file .\mysql\transaction_registry.ibd
2025-12-12 13:08:13 0 [Note] InnoDB: trying to read page [page id: space=3, page number=4] in the background in a non-existing or being-dropped tablespace
2025-12-12 13:08:13 0 [ERROR] InnoDB: Expected tablespace id 3 but found 4294967294 in the file .\mysql\transaction_registry.ibd
2025-12-12 13:08:13 0 [Note] InnoDB: trying to read page [page id: space=3, page number=5] in the background in a non-existing or being-dropped tablespace
2025-12-12 13:08:13 0 [ERROR] InnoDB: Expected tablespace id 3 but found 4294967294 in the file .\mysql\transaction_registry.ibd
2025-12-12 13:08:13 0 [Note] InnoDB: trying to read page [page id: space=3, page number=6] in the background in a non-existing or being-dropped tablespace
2025-12-12 13:08:13 0 [Note] InnoDB: Buffer pool(s) load completed at 251212 13:08:13
2025-12-12 13:08:13 0 [Note] Server socket created on IP: '::'.
2025-12-12 14:13:15 0 [Note] Starting MariaDB 10.4.32-MariaDB source revision c4143f909528e3fab0677a28631d10389354c491 as process 8236
2025-12-12 14:13:15 0 [Note] InnoDB: Mutexes and rw_locks use Windows interlocked functions
2025-12-12 14:13:15 0 [Note] InnoDB: Uses event mutexes
2025-12-12 14:13:15 0 [Note] InnoDB: Compressed tables use zlib 1.3
2025-12-12 14:13:15 0 [Note] InnoDB: Number of pools: 1
2025-12-12 14:13:15 0 [Note] InnoDB: Using SSE2 crc32 instructions
2025-12-12 14:13:15 0 [Note] InnoDB: Initializing buffer pool, total size = 16M, instances = 1, chunk size = 16M
2025-12-12 14:13:15 0 [Note] InnoDB: Completed initialization of buffer pool
2025-12-12 14:13:15 0 [Note] InnoDB: Starting crash recovery from checkpoint LSN=1275699
2025-12-12 14:13:16 0 [Note] InnoDB: 128 out of 128 rollback segments are active.
2025-12-12 14:13:16 0 [Note] InnoDB: Removed temporary tablespace data file: "ibtmp1"
2025-12-12 14:13:16 0 [Note] InnoDB: Creating shared tablespace for temporary tables
2025-12-12 14:13:16 0 [Note] InnoDB: Setting file 'C:\xampp\mysql\data\ibtmp1' size to 12 MB. Physically writing the file full; Please wait ...
2025-12-12 14:13:16 0 [Note] InnoDB: File 'C:\xampp\mysql\data\ibtmp1' size is now 12 MB.
2025-12-12 14:13:16 0 [Note] InnoDB: Waiting for purge to start
2025-12-12 14:13:16 0 [Note] InnoDB: 10.4.32 started; log sequence number 1275708; transaction id 1478
2025-12-12 14:13:16 0 [Note] InnoDB: Loading buffer pool(s) from C:\xampp\mysql\data\ib_buffer_pool
2025-12-12 14:13:16 0 [Note] Plugin 'FEEDBACK' is disabled.
2025-12-12 14:13:16 0 [ERROR] InnoDB: Expected tablespace id 3 but found 4294967294 in the file .\mysql\transaction_registry.ibd
2025-12-12 14:13:16 0 [Note] InnoDB: trying to read page [page id: space=3, page number=0] in the background in a non-existing or being-dropped tablespace
2025-12-12 14:13:16 0 [ERROR] InnoDB: Expected tablespace id 3 but found 4294967294 in the file .\mysql\transaction_registry.ibd
2025-12-12 14:13:16 0 [Note] Server socket created on IP: '::'.
2025-12-12 14:13:16 0 [Note] InnoDB: trying to read page [page id: space=3, page number=1] in the bac2025-12-16 20:34:50 0 [Note] Starting MariaDB 10.4.32-MariaDB source revision c4143f909528e3fab0677a28631d10389354c491 as process 22060
2025-12-16 20:34:50 0 [Note] InnoDB: Mutexes and rw_locks use Windows interlocked functions
2025-12-16 20:34:50 0 [Note] InnoDB: Uses event mutexes
2025-12-16 20:34:50 0 [Note] InnoDB: Compressed tables use zlib 1.3
2025-12-16 20:34:50 0 [Note] InnoDB: Number of pools: 1
2025-12-16 20:34:50 0 [Note] InnoDB: Using SSE2 crc32 instructions
2025-12-16 20:34:50 0 [Note] InnoDB: Initializing buffer pool, total size = 16M, instances = 1, chunk size = 16M
2025-12-16 20:34:50 0 [Note] InnoDB: Completed initialization of buffer pool
2025-12-16 20:34:50 0 [Note] InnoDB: Starting crash recovery from checkpoint LSN=1282078
2025-12-16 20:34:52 0 [Note] InnoDB: 128 out of 128 rollback segments are active.
2025-12-16 20:34:52 0 [Note] InnoDB: Removed temporary tablespace data file: "ibtmp1"
2025-12-16 20:34:52 0 [Note] InnoDB: Creating shared tablespace for temporary tables
2025-12-16 20:34:52 0 [Note] InnoDB: Setting file 'C:\xampp\mysql\data\ibtmp1' size to 12 MB. Physically writing the file full; Please wait ...
2025-12-16 20:34:52 0 [Note] InnoDB: File 'C:\xampp\mysql\data\ibtmp1' size is now 12 MB.
2025-12-16 20:34:52 0 [Note] InnoDB: Waiting for purge to start
2025-12-16 20:34:52 0 [Note] InnoDB: 10.4.32 started; log sequence number 1282087; transaction id 1493
2025-12-16 20:34:52 0 [Note] InnoDB: Loading buffer pool(s) from C:\xampp\mysql\data\ib_buffer_pool
2025-12-16 20:34:52 0 [Note] Plugin 'FEEDBACK' is disabled.
2025-12-16 20:34:52 0 [ERROR] InnoDB: Expected tablespace id 3 but found 4294967294 in the file .\mysql\transaction_registry.ibd
2025-12-16 20:34:52 0 [Note] InnoDB: trying to read page [page id: space=3, page number=0] in the background in a non-existing or being-dropped tablespace
2025-12-16 20:34:52 0 [ERROR] InnoDB: Expected tablespace id 3 but found 4294967294 in the file .\mysql\transaction_registry.ibd
2025-12-16 20:34:52 0 [Note] InnoDB: trying to read page [page id: space=3, page number=1] in the background in a non-existing or being-dropped tablespace
2025-12-16 20:34:52 0 [ERROR] InnoDB: Expected tablespace id 3 but found 4294967294 in the file .\mysql\transaction_registry.ibd
2025-12-16 20:34:52 0 [Note] InnoDB: trying to read page [page id: space=3, page number=2] in the background in a non-existing or being-dropped tablespace
2025-12-16 20:34:52 0 [ERROR] InnoDB: Expected tablespace id 3 but found 4294967294 in the file .\mysql\transaction_registry.ibd
2025-12-16 20:34:52 0 [Note] InnoDB: trying to read page [page id: space=3, page number=3] in the background in a non-existing or being-dropped tablespace
2025-12-16 20:34:52 0 [ERROR] InnoDB: Expected tablespace id 3 but found 4294967294 in the file .\mysql\transaction_registry.ibd
2025-12-16 20:34:52 0 [Note] InnoDB: trying to read page [page id: space=3, page number=4] in the background in a non-existing or being-dropped tablespace
2025-12-16 20:34:52 0 [ERROR] InnoDB: Expected tablespace id 3 but found 4294967294 in the file .\mysql\transaction_registry.ibd
2025-12-16 20:34:52 0 [Note] InnoDB: trying to read page [page id: space=3, page number=5] in the background in a non-existing or being-dropped tablespace
2025-12-16 20:34:52 0 [ERROR] InnoDB: Expected tablespace id 3 but found 4294967294 in the file .\mysql\transaction_registry.ibd
2025-12-16 20:34:52 0 [Note] InnoDB: trying to read page [page id: space=3, page number=6] in the background in a non-existing or being-dropped tablespace
2025-12-16 20:34:52 0 [Note] InnoDB: Buffer pool(s) load completed at 251216 20:34:52
2025-12-16 20:34:52 0 [Note] Server socket created on IP: '::'.
2025-12-16 20:34:52 0xf6c  InnoDB: Assertion failure in file D:\winx64-packages\build\src\storage\innobase\os\os0file.cc line 6132
InnoDB: Failing assertion: slot
InnoDB: We intentionally generate a memory trap.
InnoDB: Submit a detailed bug report to https://jira.mariadb.org/
InnoDB: If you get repeated assertion failures or crashes, even
InnoDB: immediately after the mysqld startup, there may be
InnoDB: corruption in the InnoDB tablespace. Please refer to
InnoDB: https://mariadb.com/kb/en/library/innodb-recovery-modes/
InnoDB: about forcing recovery.
251216 20:34:52 [ERROR] mysqld got exception 0x80000003 ;
Sorry, we probably made a mistake, and this is a bug.

Your assistance in bug reporting will enable us to fix this for the next release.
To report this bug, see https://mariadb.com/kb/en/reporting-bugs

We will try our best to scrape up some info that will hopefully help
diagnose the problem, but since we have already crashed, 
something is definitely wrong and this may fail.

Server version: 10.4.32-MariaDB source revision: c4143f909528e3fab0677a28631d10389354c491
key_buffer_size=134217728
read_buffer_size=262144
max_used_connections=0
max_threads=65537
thread_count=6
It is possible that mysqld could use up to 
key_buffer_size + (read_buffer_size + sort_buffer_size)*max_threads = 134992 K  bytes of memory
Hope that's ok; if not, decrease some variables in the equation.

Thread pointer: 0x0
Attempting backtrace. You can use the following information to find out
where mysqld died. If you see no messages after this, something went
terribly wrong...
mysqld.exe!my_parameter_handler()
ucrtbase.dll!raise()
ucrtbase.dll!abort()
mysqld.exe!?append@?$basic_string@DU?$char_traits@D@std@@V?$allocator@D@2@@std@@QEAAAEAV12@QEBD_K@Z()
mysqld.exe!?_Forced_rehash@?$_Hash@V?$_Umap_traits@PEAU_iobuf@@PEAXV?$_Uhash_compare@PEAU_iobuf@@U?$hash@PEAU_iobuf@@@std@@U?$equal_to@PEAU_iobuf@@@3@@std@@V?$allocator@U?$pair@QEAU_iobuf@@PEAX@std@@@3@$0A@@std@@@std@@IEAAX_K@Z()
mysqld.exe!?_Forced_rehash@?$_Hash@V?$_Umap_traits@PEAU_iobuf@@PEAXV?$_Uhash_compare@PEAU_iobuf@@U?$hash@PEAU_iobuf@@@std@@U?$equal_to@PEAU_iobuf@@@3@@std@@V?$allocator@U?$pair@QEAU_iobuf@@PEAX@std@@@3@$0A@@std@@@std@@IEAAX_K@Z()
mysqld.exe!pthread_dummy()
mysqld.exe!pthread_dummy()
KERNEL32.DLL!BaseThreadInitThunk()
ntdll.dll!RtlUserThreadStart()
The manual page at https://mariadb.com/kb/en/how-to-produce-a-full-stack-trace-for-mariadbd/ contains
information that should help you find out what is causing the crash.
Writing a core file at C:\xampp\mysql\data
Minidump written to C:\xampp\mysql\data\mysqld.dmp
2025-12-16 20:34:52 7 [Note] Reading Master_info: 'master-2025@002d12@002d03@0020@00209@003a04@003a16@00200@0020@005bnote@005d@0020reading@0020of@0020all@0020master_info@0020entries@0020succeeded@000d.info'  Relay_info:'relay-log-2025@002d12@002d03@0020@00209@003a04@003a16@00200@0020@005bnote@005d@0020reading@0020of@0020all@0020master_info@0020entries@0020succeeded@000d.info'
2025-12-16 20:34:52 7 [Warning] Neither --relay-log nor --relay-log-index were used; so replication may break when this MariaDB server acts as a replica and has its hostname changed. Please use '--log-basename=#' or '--relay-log=mysql-relay-bin' to avoid this problem.
2025-12-16 20:34:52 7 [Note] Initialized Master_info from 'master-2025@002d12@002d03@0020@00209@003a04@003a16@00200@0020@005bnote@005d@0020reading@0020of@0020all@0020master_info@0020entries@0020succeeded@000d.info'
2025-12-16 20:34:52 7 [Note] Added new Master_info '2025-12-03  9:04:16 0 [Note] Reading of all Master_info entries succeeded' to hash table
2025-12-16 20:34:52 8 [Note] Master '2025-12-03  9:04:16 0 [Note] Reading of all Master_info entries succeeded': Slave I/O thread: Start asynchronous replication to master '@:3306' in log '' at position 4
2025-12-16 20:34:52 7 [Note] Started replication for '2025-12-03  9:04:16 0 [Note] Reading of all Master_info entries succeeded'
2025-12-16 20:34:52 9 [Note] Master '2025-12-03  9:04:16 0 [Note] Reading of all Master_info entries succeeded': Slave SQL thread initialized, starting replication in log 'FIRST' at position 0, relay log '.\mysql-relay-bin-2025@002d12@002d03@0020@00209@003a04@003a16@00200@0020@005bnote@005d@0020reading@0020of@0020all@0020master_info@0020entries@0020succeeded@000d.000001' position: 4
2025-12-16 20:34:52 8 [ERROR] Master '2025-12-03  9:04:16 0 [Note] Reading of all Master_info entries succeeded': Slave I/O: Fatal error: Invalid (empty) username when attempting to connect to the master server. Connection attempt terminated. Internal MariaDB error code: 1593
2025-12-16 20:34:52 7 [Note] Reading Master_info: 'master-2025@002d12@002d03@0020@00209@003a04@003a16@00200@0020@005bnote@005d@0020added@0020new@0020master_info@0020@0027@0027@0020to@0020hash@0020table@000d.info'  Relay_info:'relay-log-2025@002d12@002d03@0020@00209@003a04@003a16@00200@0020@005bnote@005d@0020added@0020new@0020master_info@0020@0027@0027@0020to@0020hash@0020table@000d.info'
2025-12-16 20:34:52 8 [Note] Master '2025-12-03  9:04:16 0 [Note] Reading of all Master_info entries succeeded': Slave I/O thread killed while connecting to master
2025-12-16 20:34:52 8 [Note] Master '2025-12-03  9:04:16 0 [Note] Reading of all Master_info entries succeeded': Slave I/O thread exiting, read up to log 'FIRST', position 4
2025-12-16 20:34:52 8 [Note] Master '2025-12-03  9:04:16 0 [Note] Reading of all Master_info entries succeeded': master was :3306
2025-12-16 20:34:52 7 [Note] Initialized Master_info from 'master-2025@002d12@002d03@0020@00209@003a04@003a16@00200@0020@005bnote@005d@0020added@0020new@0020master_info@0020@0027@0027@0020to@0020hash@0020table@000d.info'
2025-12-16 20:34:52 7 [Note] Added new Master_info '2025-12-03  9:04:16 0 [Note] Added new Master_info '' to hash table' to hash table
2025-12-16 20:34:52 10 [Note] Master '2025-12-03  9:04:16 0 [Note] Added new Master_info '' to hash table': Slave I/O thread: Start asynchronous replication to master '@:3306' in log '' at position 4
2025-12-16 20:34:52 7 [Note] Started replication for '2025-12-03  9:04:16 0 [Note] Added new Master_info '' to hash table'
2025-12-16 20:34:52 11 [Note] Master '2025-12-03  9:04:16 0 [Note] Added new Master_info '' to hash table': Slave SQL thread initialized, starting replication in log 'FIRST' at position 0, relay log '.\mysql-relay-bin-2025@002d12@002d03@0020@00209@003a04@003a16@00200@0020@005bnote@005d@0020added@0020new@0020master_info@0020@0027@0027@0020to@0020hash@0020table@000d.000001' position: 4
2025-12-16 20:34:52 10 [ERROR] Master '2025-12-03  9:04:16 0 [Note] Added new Master_info '' to hash table': Slave I/O: Fatal error: Invalid (empty) username when attempting to connect to the master server. Connection attempt terminated. Internal MariaDB error code: 1593
2025-12-16 20:34:52 7 [Note] Reading Master_info: 'master-2025@002d12@002d03@0020@00209@003a04@003a16@00200@0020@005bnote@005d@0020c@003a@005cxampp@005cmysql@005cbin@005cmysqld@002eexe@003a@0020ready@0020for@0020connections@002e@000d.info'  Relay_info:'relay-log-2025@002d12@002d03@0020@00209@003a04@003a16@00200@0020@005bnote@005d@0020c@003a@005cxampp@005cmysql@005cbin@005cmysqld@002eexe@003a@0020ready@0020for@0020connections@002e@000d.info'
2025-12-16 20:34:52 10 [Note] Master '2025-12-03  9:04:16 0 [Note] Added new Master_info '' to hash table': Slave I/O thread killed while connecting to master
2025-12-16 20:34:52 10 [Note] Master '2025-12-03  9:04:16 0 [Note] Added new Master_info '' to hash table': Slave I/O thread exiting, read up to log 'FIRST', position 4
2025-12-16 20:34:52 10 [Note] Master '2025-12-03  9:04:16 0 [Note] Added new Master_info '' to hash table': master was :3306
2025-12-16 20:36:02 0 [Note] Starting MariaDB 10.4.32-MariaDB source revision c4143f909528e3fab0677a28631d10389354c491 as process 31976
2025-12-16 20:36:02 0 [Note] InnoDB: Mutexes and rw_locks use Windows interlocked functions
2025-12-16 20:36:02 0 [Note] InnoDB: Uses event mutexes
2025-12-16 20:36:02 0 [Note] InnoDB: Compressed tables use zlib 1.3
2025-12-16 20:36:02 0 [Note] InnoDB: Number of pools: 1
2025-12-16 20:36:02 0 [Note] InnoDB: Using SSE2 crc32 instructions
2025-12-16 20:36:02 0 [Note] InnoDB: Initializing buffer pool, total size = 16M, instances = 1, chunk size = 16M
2025-12-16 20:36:02 0 [Note] InnoDB: Completed initialization of buffer pool
2025-12-16 20:36:02 0 [Note] InnoDB: Starting crash recovery from checkpoint LSN=1282096
2025-12-16 20:36:02 0 [Note] InnoDB: 128 out of 128 rollback segments are active.
2025-12-16 20:36:02 0 [Note] InnoDB: Removed temporary tablespace data file: "ibtmp1"
2025-12-16 20:36:02 0 [Note] InnoDB: Creating shared tablespace for temporary tables
2025-12-16 20:36:02 0 [Note] InnoDB: Setting file 'C:\xampp\mysql\data\ibtmp1' size to 12 MB. Physically writing the file full; Please wait ...
2025-12-16 20:36:02 0 [Note] InnoDB: File 'C:\xampp\mysql\data\ibtmp1' size is now 12 MB.
2025-12-16 20:36:02 0 [Note] InnoDB: Waiting for purge to start
2025-12-16 20:36:02 0 [Note] InnoDB: 10.4.32 started; log sequence number 1282105; transaction id 1493
2025-12-16 20:36:02 0 [Note] InnoDB: Loading buffer pool(s) from C:\xampp\mysql\data\ib_buffer_pool
2025-12-16 20:36:02 0 [Note] Plugin 'FEEDBACK' is disabled.
2025-12-16 20:36:02 0 [ERROR] InnoDB: Expected tablespace id 3 but found 4294967294 in the file .\mysql\transaction_registry.ibd
2025-12-16 20:36:02 0 [Note] InnoDB: trying to read page [page id: space=3, page number=0] in the background in a non-existing or being-dropped tablespace
2025-12-16 20:36:02 0 [ERROR] InnoDB: Expected tablespace id 3 but found 4294967294 in the file .\mysql\transaction_registry.ibd
2025-12-16 20:36:02 0 [Note] Server socket created on IP: '::'.
2025-12-16 20:36:02 0 [Note] InnoDB: trying to2025-12-16 20:36:08 0 [Note] Starting MariaDB 10.4.32-MariaDB source revision c4143f909528e3fab0677a28631d10389354c491 as process 30476
2025-12-16 20:36:08 0 [Note] InnoDB: Mutexes and rw_locks use Windows interlocked functions
2025-12-16 20:36:08 0 [Note] InnoDB: Uses event mutexes
2025-12-16 20:36:08 0 [Note] InnoDB: Compressed tables use zlib 1.3
2025-12-16 20:36:08 0 [Note] InnoDB: Number of pools: 1
2025-12-16 20:36:08 0 [Note] InnoDB: Using SSE2 crc32 instructions
2025-12-16 20:36:08 0 [Note] InnoDB: Initializing buffer pool, total size = 16M, instances = 1, chunk size = 16M
2025-12-16 20:36:08 0 [Note] InnoDB: Completed initialization of buffer pool
2025-12-16 20:36:08 0 [Note] InnoDB: Starting crash recovery from checkpoint LSN=1282096
2025-12-16 20:36:08 0 [Note] InnoDB: 128 out of 128 rollback segments are active.
2025-12-16 20:36:08 0 [Note] InnoDB: Removed temporary tablespace data file: "ibtmp1"
2025-12-16 20:36:08 0 [Note] InnoDB: Creating shared tablespace for temporary tables
2025-12-16 20:36:08 0 [Note] InnoDB: Setting file 'C:\xampp\mysql\data\ibtmp1' size to 12 MB. Physically writing the file full; Please wait ...
2025-12-16 20:36:08 0 [Note] InnoDB: File 'C:\xampp\mysql\data\ibtmp1' size is now 12 MB.
2025-12-16 20:36:08 0 [Note] InnoDB: Waiting for purge to start
2025-12-16 20:36:08 0 [Note] InnoDB: 10.4.32 started; log sequence number 1282105; transaction id 1493
2025-12-16 20:36:08 0 [Note] InnoDB: Loading buffer pool(s) from C:\xampp\mysql\data\ib_buffer_pool
2025-12-16 20:36:08 0 [Note] Plugin 'FEEDBACK' is disabled.
2025-12-16 20:36:08 0 [ERROR] InnoDB: Expected tablespace id 3 but found 4294967294 in the file .\mysql\transaction_registry.ibd
2025-12-16 20:36:08 0 [Note] InnoDB: trying to read page [page id: space=3, page number=0] in the background in a non-existing or being-dropped tablespace
2025-12-16 20:36:08 0 [ERROR] InnoDB: Expected tablespace id 3 but found 4294967294 in the file .\mysql\transaction_registry.ibd
2025-12-16 20:36:08 0 [Note] InnoDB: trying to read page [page id: space=3, page number=1] in the background in a non-existing or being-dropped tablespace
2025-12-16 20:36:08 0 [Note] Server socket created on IP: '::'.
2025-12-16 20:36:08 0 [ERROR] InnoDB: Expected tablespace id 3 but found 4294967294 in the file .\mysql\transaction_registry.ibd
2025-12-16 20:36:08 0 [Note] InnoDB: trying to read page [page id: space=3, page number=2] in the background in2026-01-08  9:43:44 0 [Note] Starting MariaDB 10.4.32-MariaDB source revision c4143f909528e3fab0677a28631d10389354c491 as process 45168
2026-01-08  9:43:44 0 [Note] InnoDB: Mutexes and rw_locks use Windows interlocked functions
2026-01-08  9:43:44 0 [Note] InnoDB: Uses event mutexes
2026-01-08  9:43:44 0 [Note] InnoDB: Compressed tables use zlib 1.3
2026-01-08  9:43:44 0 [Note] InnoDB: Number of pools: 1
2026-01-08  9:43:44 0 [Note] InnoDB: Using SSE2 crc32 instructions
2026-01-08  9:43:44 0 [Note] InnoDB: Initializing buffer pool, total size = 16M, instances = 1, chunk size = 16M
2026-01-08  9:43:44 0 [Note] InnoDB: Completed initialization of buffer pool
2026-01-08  9:43:44 0 [Note] InnoDB: Starting crash recovery from checkpoint LSN=1967696
2026-01-08  9:43:45 0 [Note] InnoDB: 128 out of 128 rollback segments are active.
2026-01-08  9:43:45 0 [Note] InnoDB: Removed temporary tablespace data file: "ibtmp1"
2026-01-08  9:43:45 0 [Note] InnoDB: Creating shared tablespace for temporary tables
2026-01-08  9:43:45 0 [Note] InnoDB: Setting file 'C:\xampp\mysql\data\ibtmp1' size to 12 MB. Physically writing the file full; Please wait ...
2026-01-08  9:43:45 0 [Note] InnoDB: File 'C:\xampp\mysql\data\ibtmp1' size is now 12 MB.
2026-01-08  9:43:45 0 [Note] InnoDB: Waiting for purge to start
2026-01-08  9:43:45 0 [Note] InnoDB: 10.4.32 started; log sequence number 1967705; transaction id 2136
2026-01-08  9:43:45 0 [Note] InnoDB: Loading buffer pool(s) from C:\xampp\mysql\data\ib_buffer_pool
2026-01-08  9:43:45 0 [Note] Plugin 'FEEDBACK' is disabled.
2026-01-08  9:43:45 0 [ERROR] InnoDB: Expected tablespace id 3 but found 4294967294 in the file .\mysql\transaction_registry.ibd
2026-01-08  9:43:45 0 [Note] InnoDB: trying to read page [page id: space=3, page number=0] in the background in a non-existing or being-dropped tablespace
2026-01-08  9:43:45 0 [ERROR] InnoDB: Expected tablespace id 3 but found 4294967294 in the file .\mysql\transaction_registry.ibd
2026-01-08  9:43:45 0 [Note] InnoDB: trying to read page [page id: space=3, page number=1] in the background in a non-existing or being-dropped tablespace
2026-01-08  9:43:45 0 [ERROR] InnoDB: Expected tablespace id 3 but found 4294967294 in the file .\mysql\transaction_registry.ibd
2026-01-08  9:43:45 0 [Note] InnoDB: trying to read page [page id: space=3, page number=2] in the background in a non-existing or being-dropped tablespace
2026-01-08  9:43:45 0 [ERROR] InnoDB: Expected tablespace id 3 but found 4294967294 in the file .\mysql\transaction_registry.ibd
2026-01-08  9:43:45 0 [Note] InnoDB: trying to read page [page id: space=3, page number=3] in the background in a non-existing or being-dropped tablespace
2026-01-08  9:43:45 0 [ERROR] InnoDB: Expected tablespace id 3 but found 4294967294 in the file .\mysql\transaction_registry.ibd
2026-01-08  9:43:45 0 [Note] InnoDB: trying to read page [page id: space=3, page number=4] in the background in a non-existing or being-dropped tablespace
2026-01-08  9:43:45 0 [ERROR] InnoDB: Expected tablespace id 3 but found 4294967294 in the file .\mysql\transaction_registry.ibd
2026-01-08  9:43:45 0 [Note] InnoDB: trying to read page [page id: space=3, page number=5] in the background in a non-existing or being-dropped tablespace
2026-01-08  9:43:45 0 [ERROR] InnoDB: Expected tablespace id 3 but found 4294967294 in the file .\mysql\transaction_registry.ibd
2026-01-08  9:43:45 0 [Note] InnoDB: trying to read page [page id: space=3, page number=6] in the background in a non-existing or being-dropped tablespace
2026-01-08  9:43:45 0 [Note] InnoDB: Buffer pool(s) load completed at 260108  9:43:45
2026-01-08  9:43:45 0 [Note] Server socket created on IP: '::'.
2026-01-08 11:09:41 0 [Note] Starting MariaDB 10.4.32-MariaDB source revision c4143f909528e3fab0677a28631d10389354c491 as process 37148
2026-01-08 11:09:41 0 [Note] InnoDB: Mutexes and rw_locks use Windows interlocked functions
2026-01-08 11:09:41 0 [Note] InnoDB: Uses event mutexes
2026-01-08 11:09:41 0 [Note] InnoDB: Compressed tables use zlib 1.3
2026-01-08 11:09:41 0 [Note] InnoDB: Number of pools: 1
2026-01-08 11:09:41 0 [Note] InnoDB: Using SSE2 crc32 instructions
2026-01-08 11:09:41 0 [Note] InnoDB: Initializing buffer pool, total size = 16M, instances = 1, chunk size = 16M
2026-01-08 11:09:41 0 [Note] InnoDB: Completed initialization of buffer pool
2026-01-08 11:09:41 0 [Note] InnoDB: Starting crash recovery from checkpoint LSN=1967696
2026-01-08 11:09:42 0 [Note] InnoDB: 128 out of 128 rollback segments are active.
2026-01-08 11:09:42 0 [Note] InnoDB: Removed temporary tablespace data file: "ibtmp1"
2026-01-08 11:09:42 0 [Note] InnoDB: Creating shared tablespace for temporary tables
2026-01-08 11:09:42 0 [Note] InnoDB: Setting file 'C:\xampp\mysql\data\ibtmp1' size to 12 MB. Physically writing the file full; Please wait ...
2026-01-08 11:09:42 0 [Note] InnoDB: File 'C:\xampp\mysql\data\ibtmp1' size is now 12 MB.
2026-01-08 11:09:42 0 [Note] InnoDB: Waiting for purge to start
2026-01-08 11:09:42 0 [Note] InnoDB: 10.4.32 started; log sequence number 1967705; transaction id 2136
2026-01-08 11:09:42 0 [Note] InnoDB: Loading buffer pool(s) from C:\xampp\mysql\data\ib_buffer_pool
2026-01-08 11:09:42 0 [Note] Plugin 'FEEDBACK' is disabled.
2026-01-08 11:09:42 0 [ERROR] InnoDB: Expected tablespace id 3 but found 4294967294 in the file .\mysql\transaction_registry.ibd
2026-01-08 11:09:42 0 [Note] InnoDB: trying to read page [page id: space=3, page number=0] in the background in a non-existing or being-dropped tablespace
2026-01-08 11:09:42 0 [ERROR] InnoDB: Expected tablespace id 3 but found 4294967294 in the file .\mysql\transaction_registry.ibd
2026-01-08 11:09:42 0 [Note] InnoDB: trying to read page [page id: space=3, page number=1] in the background in a non-existing or being-dropped tablespace
2026-01-08 11:09:42 0 [ERROR] InnoDB: Expected tablespace id 3 but found 4294967294 in the file .\mysql\transaction_registry.ibd
2026-01-08 11:09:42 0 [Note] InnoDB: trying to read page [page id: space=3, page number=2] in the background in a non-existing or being-dropped tablespace
2026-01-08 11:09:42 0 [ERROR] InnoDB: Expected tablespace id 3 but found 4294967294 in the file .\mysql\transaction_registry.ibd
2026-01-08 11:09:42 0 [Note] InnoDB: trying to read page [page id: space=3, page number=3] in the background in a non-existing or being-dropped tablespace
2026-01-08 11:09:42 0 [ERROR] InnoDB: Expected tablespace id 3 but found 4294967294 in the file .\mysql\transaction_registry.ibd
2026-01-08 11:09:42 0 [Note] InnoDB: trying to read page [page id: space=3, page number=4] in the background in a non-existing or being-dropped tablespace
2026-01-08 11:09:42 0 [ERROR] InnoDB: Expected tablespace id 3 but found 4294967294 in the file .\mysql\transaction_registry.ibd
2026-01-08 11:09:42 0 [Note] InnoDB: trying to read page [page id: space=3, page number=5] in the background in a non-existing or being-dropped tablespace
2026-01-08 11:09:42 0 [ERROR] InnoDB: Expected tablespace id 3 but found 4294967294 in the file .\mysql\transaction_registry.ibd
2026-01-08 11:09:42 0 [Note] InnoDB: trying to read page [page id: space=3, page number=6] in the background in a non-existing or being-dropped tablespace
2026-01-08 11:09:42 0 [Note] InnoDB: Buffer pool(s) load completed at 260108 11:09:42
2026-01-08 11:09:42 0 [Note] Server socket created on IP: '::'.
2026-01-09  8:35:14 0 [Note] Starting MariaDB 10.4.32-MariaDB source revision c4143f909528e3fab0677a28631d10389354c491 as process 50252
2026-01-09  8:35:14 0 [Note] InnoDB: Mutexes and rw_locks use Windows interlocked functions
2026-01-09  8:35:14 0 [Note] InnoDB: Uses event mutexes
2026-01-09  8:35:14 0 [Note] InnoDB: Compressed tables use zlib 1.3
2026-01-09  8:35:14 0 [Note] InnoDB: Number of pools: 1
2026-01-09  8:35:14 0 [Note] InnoDB: Using SSE2 crc32 instructions
2026-01-09  8:35:14 0 [Note] InnoDB: Initializing buffer pool, total size = 16M, instances = 1, chunk size = 16M
2026-01-09  8:35:14 0 [Note] InnoDB: Completed initialization of buffer pool
2026-01-09  8:35:15 0 [Note] InnoDB: Starting crash recovery from checkpoint LSN=2078055
2026-01-09  8:35:16 0 [Note] InnoDB: 128 out of 128 rollback segments are active.
2026-01-09  8:35:16 0 [Note] InnoDB: Removed temporary tablespace data file: "ibtmp1"
2026-01-09  8:35:16 0 [Note] InnoDB: Creating shared tablespace for temporary tables
2026-01-09  8:35:16 0 [Note] InnoDB: Setting file 'C:\xampp\mysql\data\ibtmp1' size to 12 MB. Physically writing the file full; Please wait ...
2026-01-09  8:35:16 0 [Note] InnoDB: File 'C:\xampp\mysql\data\ibtmp1' size is now 12 MB.
2026-01-09  8:35:16 0 [Note] InnoDB: Waiting for purge to start
2026-01-09  8:35:16 0 [Note] InnoDB: 10.4.32 started; log sequence number 2078064; transaction id 2597
2026-01-09  8:35:16 0 [Note] Plugin 'FEEDBACK' is disabled.
2026-01-09  8:35:16 0 [Note] InnoDB: Loading buffer pool(s) from C:\xampp\mysql\data\ib_buffer_pool
2026-01-09  8:35:16 0 [ERROR] InnoDB: Expected tablespace id 3 but found 4294967294 in the file .\mysql\transaction_registry.ibd
2026-01-09  8:35:16 0 [Note] InnoDB: trying to read page [page id: space=3, page number=0] in the background in a non-existing or being-dropped tablespace
2026-01-09  8:35:16 0 [ERROR] InnoDB: Expected tablespace id 3 but found 4294967294 in the file .\mysql\transaction_registry.ibd
2026-01-09  8:35:16 0 [Note] InnoDB: trying to read page [page id: space=3, page number=1] in the background in a non-existing or being-dropped tablespace
2026-01-09  8:35:16 0 [ERROR] InnoDB: Expected tablespace id 3 but found 4294967294 in the file .\mysql\transaction_registry.ibd
2026-01-09  8:35:16 0 [Note] InnoDB: trying to read page [page id: space=3, page number=2] in the background in a non-existing or being-dropped tablespace
2026-01-09  8:35:16 0 [ERROR] InnoDB: Expected tablespace id 3 but found 4294967294 in the file .\mysql\transaction_registry.ibd
2026-01-09  8:35:16 0 [Note] InnoDB: trying to read page [page id: space=3, page number=3] in the background in a non-existing or being-dropped tablespace
2026-01-09  8:35:16 0 [ERROR] InnoDB: Expected tablespace id 3 but found 4294967294 in the file .\mysql\transaction_registry.ibd
2026-01-09  8:35:16 0 [Note] InnoDB: trying to read page [page id: space=3, page number=4] in the background in a non-existing or being-dropped tablespace
2026-01-09  8:35:16 0 [ERROR] InnoDB: Expected tablespace id 3 but found 4294967294 in the file .\mysql\transaction_registry.ibd
2026-01-09  8:35:16 0 [Note] InnoDB: trying to read page [page id: space=3, page number=5] in the background in a non-existing or being-dropped tablespace
2026-01-09  8:35:16 0 [ERROR] InnoDB: Expected tablespace id 3 but found 4294967294 in the file .\mysql\transaction_registry.ibd
2026-01-09  8:35:16 0 [Note] InnoDB: trying to read page [page id: space=3, page number=6] in the background in a non-existing or being-dropped tablespace
2026-01-09  8:35:16 0 [Note] InnoDB: Buffer pool(s) load completed at 260109  8:35:16
2026-01-09  8:35:16 0 [Note] Server socket created on IP: '::'.
2026-01-09  8:35:25 0 [Note] Starting MariaDB 10.4.32-MariaDB source revision c4143f909528e3fab0677a28631d10389354c491 as process 56800
2026-01-09  8:35:25 0 [Note] InnoDB: Mutexes and rw_locks use Windows interlocked functions
2026-01-09  8:35:25 0 [Note] InnoDB: Uses event mutexes
2026-01-09  8:35:25 0 [Note] InnoDB: Compressed tables use zlib 1.3
2026-01-09  8:35:25 0 [Note] InnoDB: Number of pools: 1
2026-01-09  8:35:25 0 [Note] InnoDB: Using SSE2 crc32 instructions
2026-01-09  8:35:25 0 [Note] InnoDB: Initializing buffer pool, total size = 16M, instances = 1, chunk size = 16M
2026-01-09  8:35:25 0 [Note] InnoDB: Completed initialization of buffer pool
2026-01-09  8:35:25 0 [Note] InnoDB: Starting crash recovery from checkpoint LSN=2078055
2026-01-09  8:35:25 0 [Note] InnoDB: 128 out of 128 rollback segments are active.
2026-01-09  8:35:25 0 [Note] InnoDB: Removed temporary tablespace data file: "ibtmp1"
2026-01-09  8:35:25 0 [Note] InnoDB: Creating shared tablespace for temporary tables
2026-01-09  8:35:25 0 [Note] InnoDB: Setting file 'C:\xampp\mysql\data\ibtmp1' size to 12 MB. Physically writing the file full; Please wait ...
2026-01-09  8:35:25 0 [Note] InnoDB: File 'C:\xampp\mysql\data\ibtmp1' size is now 12 MB.
2026-01-09  8:35:25 0 [Note] InnoDB: Waiting for purge to start
2026-01-09  8:35:25 0 [Note] InnoDB: 10.4.32 started; log sequence number 2078064; transaction id 2597
2026-01-09  8:35:25 0 [Note] InnoDB: Loading buffer pool(s) from C:\xampp\mysql\data\ib_buffer_pool
2026-01-09  8:35:25 0 [Note] Plugin 'FEEDBACK' is disabled.
2026-01-09  8:35:25 0 [ERROR] InnoDB: Expected tablespace id 3 but found 4294967294 in the file .\mysql\transaction_registry.ibd
2026-01-09  8:35:25 0 [Note] InnoDB: trying to read page [page id: space=3, page number=0] in the background in a non-existing or being-dropped tablespace
2026-01-09  8:35:25 0 [ERROR] InnoDB: Expected tablespace id 3 but found 4294967294 in the file .\mysql\transaction_registry.ibd
2026-01-09  8:35:25 0 [Note] InnoDB: trying to read page [page id: space=3, page number=1] in the background in a non-existing or being-dropped tablespace
2026-01-09  8:35:25 0 [Note] Server socket created on IP: '::'.
2026-01-09  8:35:25 0 [ERROR] InnoDB: Expected tablespa2026-01-13 13:37:35 0 [Note] Starting MariaDB 10.4.32-MariaDB source revision c4143f909528e3fab0677a28631d10389354c491 as process 61540
2026-01-13 13:37:35 0 [Note] InnoDB: Mutexes and rw_locks use Windows interlocked functions
2026-01-13 13:37:35 0 [Note] InnoDB: Uses event mutexes
2026-01-13 13:37:35 0 [Note] InnoDB: Compressed tables use zlib 1.3
2026-01-13 13:37:35 0 [Note] InnoDB: Number of pools: 1
2026-01-13 13:37:35 0 [Note] InnoDB: Using SSE2 crc32 instructions
2026-01-13 13:37:35 0 [Note] InnoDB: Initializing buffer pool, total size = 16M, instances = 1, chunk size = 16M
2026-01-13 13:37:35 0 [Note] InnoDB: Completed initialization of buffer pool
2026-01-13 13:37:35 0 [Note] InnoDB: Starting crash recovery from checkpoint LSN=2264485
2026-01-13 13:37:36 0 [Note] InnoDB: 128 out of 128 rollback segments are active.
2026-01-13 13:37:36 0 [Note] InnoDB: Removed temporary tablespace data file: "ibtmp1"
2026-01-13 13:37:36 0 [Note] InnoDB: Creating shared tablespace for temporary tables
2026-01-13 13:37:36 0 [Note] InnoDB: Setting file 'C:\xampp\mysql\data\ibtmp1' size to 12 MB. Physically writing the file full; Please wait ...
2026-01-13 13:37:36 0 [Note] InnoDB: File 'C:\xampp\mysql\data\ibtmp1' size is now 12 MB.
2026-01-13 13:37:36 0 [Note] InnoDB: Waiting for purge to start
2026-01-13 13:37:36 0 [Note] InnoDB: 10.4.32 started; log sequence number 2264494; transaction id 2907
2026-01-13 13:37:36 0 [Note] InnoDB: Loading buffer pool(s) from C:\xampp\mysql\data\ib_buffer_pool
2026-01-13 13:37:36 0 [Note] Plugin 'FEEDBACK' is disabled.
2026-01-13 13:37:36 0 [ERROR] InnoDB: Expected tablespace id 3 but found 4294967294 in the file .\mysql\transaction_registry.ibd
2026-01-13 13:37:36 0 [Note] InnoDB: trying to read page [page id: space=3, page number=0] in the background in a non-existing or being-dropped tablespace
2026-01-13 13:37:36 0 [ERROR] InnoDB: Expected tablespace id 3 but found 4294967294 in the file .\mysql\transaction_registry.ibd
2026-01-13 13:37:36 0 [Note] InnoDB: trying to read page [page id: space=3, page number=1] in the background in a non-existing or being-dropped tablespace
2026-01-13 13:37:36 0 [ERROR] InnoDB: Expected tablespace id 3 but found 4294967294 in the file .\mysql\transaction_registry.ibd
2026-01-13 13:37:36 0 [Note] InnoDB: trying to read page [page id: space=3, page number=2] in the background in a non-existing or being-dropped tablespace
2026-01-13 13:37:36 0 [ERROR] InnoDB: Expected tablespace id 3 but found 4294967294 in the file .\mysql\transaction_registry.ibd
2026-01-13 13:37:36 0 [Note] InnoDB: trying to read page [page id: space=3, page number=3] in the background in a non-existing or being-dropped tablespace
2026-01-13 13:37:36 0 [ERROR] InnoDB: Expected tablespace id 3 but found 4294967294 in the file .\mysql\transaction_registry.ibd
2026-01-13 13:37:36 0 [Note] InnoDB: trying to read page [page id: space=3, page number=4] in the background in a non-existing or being-dropped tablespace
2026-01-13 13:37:36 0 [ERROR] InnoDB: Expected tablespace id 3 but found 4294967294 in the file .\mysql\transaction_registry.ibd
2026-01-13 13:37:36 0 [Note] InnoDB: trying to read page [page id: space=3, page number=5] in the background in a non-existing or being-dropped tablespace
2026-01-13 13:37:36 0 [ERROR] InnoDB: Expected tablespace id 3 but found 4294967294 in the file .\mysql\transaction_registry.ibd
2026-01-13 13:37:36 0 [Note] InnoDB: trying to read page [page id: space=3, page number=6] in the background in a non-existing or being-dropped tablespace
2026-01-13 13:37:36 0 [Note] InnoDB: Buffer pool(s) load completed at 260113 13:37:36
2026-01-13 13:37:36 0 [Note] Server socket created on IP: '::'.
2026-01-14 13:51:04 0 [Note] Starting MariaDB 10.4.32-MariaDB source revision c4143f909528e3fab0677a28631d10389354c491 as process 76628
2026-01-14 13:51:04 0 [Note] InnoDB: Mutexes and rw_locks use Windows interlocked functions
2026-01-14 13:51:04 0 [Note] InnoDB: Uses event mutexes
2026-01-14 13:51:04 0 [Note] InnoDB: Compressed tables use zlib 1.3
2026-01-14 13:51:04 0 [Note] InnoDB: Number of pools: 1
2026-01-14 13:51:04 0 [Note] InnoDB: Using SSE2 crc32 instructions
2026-01-14 13:51:04 0 [Note] InnoDB: Initializing buffer pool, total size = 16M, instances = 1, chunk size = 16M
2026-01-14 13:51:04 0 [Note] InnoDB: Completed initialization of buffer pool
2026-01-14 13:51:04 0 [Note] InnoDB: Starting crash recovery from checkpoint LSN=2413414
2026-01-14 13:51:05 0 [Note] InnoDB: 128 out of 128 rollback segments are active.
2026-01-14 13:51:05 0 [Note] InnoDB: Removed temporary tablespace data file: "ibtmp1"
2026-01-14 13:51:05 0 [Note] InnoDB: Creating shared tablespace for temporary tables
2026-01-14 13:51:05 0 [Note] InnoDB: Setting file 'C:\xampp\mysql\data\ibtmp1' size to 12 MB. Physically writing the file full; Please wait ...
2026-01-14 13:51:05 0 [Note] InnoDB: File 'C:\xampp\mysql\data\ibtmp1' size is now 12 MB.
2026-01-14 13:51:05 0 [Note] InnoDB: Waiting for purge to start
2026-01-14 13:51:06 0 [Note] InnoDB: 10.4.32 started; log sequence number 2413423; transaction id 3273
2026-01-14 13:51:06 0 [Note] InnoDB: Loading buffer pool(s) from C:\xampp\mysql\data\ib_buffer_pool
2026-01-14 13:51:06 0 [Note] Plugin 'FEEDBACK' is disabled.
2026-01-14 13:51:06 0 [ERROR] InnoDB: Expected tablespace id 3 but found 4294967294 in the file .\mysql\transaction_registry.ibd
2026-01-14 13:51:06 0 [Note] InnoDB: trying to read page [page id: space=3, page number=0] in the background in a non-existing or being-dropped tablespace
2026-01-14 13:51:06 0 [ERROR] InnoDB: Expected tablespace id 3 but found 4294967294 in the file .\mysql\transaction_registry.ibd
2026-01-14 13:51:06 0 [Note] InnoDB: trying to read page [page id: space=3, page number=1] in the background in a non-existing or being-dropped tablespace
2026-01-14 13:51:06 0 [ERROR] InnoDB: Expected tablespace id 3 but found 4294967294 in the file .\mysql\transaction_registry.ibd
2026-01-14 13:51:06 0 [Note] InnoDB: trying to read page [page id: space=3, page number=2] in the background in a non-existing or being-dropped tablespace
2026-01-14 13:51:06 0 [ERROR] InnoDB: Expected tablespace id 3 but found 4294967294 in the file .\mysql\transaction_registry.ibd
2026-01-14 13:51:06 0 [Note] InnoDB: trying to read page [page id: space=3, page number=3] in the background in a non-existing or being-dropped tablespace
2026-01-14 13:51:06 0 [ERROR] InnoDB: Expected tablespace id 3 but found 4294967294 in the file .\mysql\transaction_registry.ibd
2026-01-14 13:51:06 0 [Note] InnoDB: trying to read page [page id: space=3, page number=4] in the background in a non-existing or being-dropped tablespace
2026-01-14 13:51:06 0 [ERROR] InnoDB: Expected tablespace id 3 but found 4294967294 in the file .\mysql\transaction_registry.ibd
2026-01-14 13:51:06 0 [Note] InnoDB: trying to read page [page id: space=3, page number=5] in the background in a non-existing or being-dropped tablespace
2026-01-14 13:51:06 0 [ERROR] InnoDB: Expected tablespace id 3 but found 4294967294 in the file .\mysql\transaction_registry.ibd
2026-01-14 13:51:06 0 [Note] InnoDB: trying to read page [page id: space=3, page number=6] in the background in a non-existing or being-dropped tablespace
2026-01-14 13:51:06 0 [Note] InnoDB: Buffer pool(s) load completed at 260114 13:51:06
2026-01-14 13:51:06 0 [Note] Server socket created on IP: '::'.
2026-01-19 10:41:16 0 [Note] Starting MariaDB 10.4.32-MariaDB source revision c4143f909528e3fab0677a28631d10389354c491 as process 64908
2026-01-19 10:41:16 0 [Note] InnoDB: Mutexes and rw_locks use Windows interlocked functions
2026-01-19 10:41:16 0 [Note] InnoDB: Uses event mutexes
2026-01-19 10:41:16 0 [Note] InnoDB: Compressed tables use zlib 1.3
2026-01-19 10:41:16 0 [Note] InnoDB: Number of pools: 1
2026-01-19 10:41:16 0 [Note] InnoDB: Using SSE2 crc32 instructions
2026-01-19 10:41:16 0 [Note] InnoDB: Initializing buffer pool, total size = 16M, instances = 1, chunk size = 16M
2026-01-19 10:41:16 0 [Note] InnoDB: Completed initialization of buffer pool
2026-01-19 10:41:17 0 [Note] InnoDB: Starting crash recovery from checkpoint LSN=2413432
2026-01-19 10:41:19 0 [Note] InnoDB: 128 out of 128 rollback segments are active.
2026-01-19 10:41:19 0 [Note] InnoDB: Removed temporary tablespace data file: "ibtmp1"
2026-01-19 10:41:19 0 [Note] InnoDB: Creating shared tablespace for temporary tables
2026-01-19 10:41:19 0 [Note] InnoDB: Setting file 'C:\xampp\mysql\data\ibtmp1' size to 12 MB. Physically writing the file full; Please wait ...
2026-01-19 10:41:19 0 [Note] InnoDB: File 'C:\xampp\mysql\data\ibtmp1' size is now 12 MB.
2026-01-19 10:41:19 0 [Note] InnoDB: Waiting for purge to start
2026-01-19 10:41:19 0 [Note] InnoDB: 10.4.32 started; log sequence number 2413441; transaction id 3273
2026-01-19 10:41:19 0 [Note] InnoDB: Loading buffer pool(s) from C:\xampp\mysql\data\ib_buffer_pool
2026-01-19 10:41:19 0 [ERROR] InnoDB: Expected tablespace id 3 but found 4294967294 in the file .\mysql\transaction_registry.ibd
2026-01-19 10:41:19 0 [Note] InnoDB: trying to read page [page id: space=3, page number=0] in the background in a non-existing or being-dropped tablespace
2026-01-19 10:41:19 0 [ERROR] InnoDB: Expected tablespace id 3 but found 4294967294 in the file .\mysql\transaction_registry.ibd
2026-01-19 10:41:19 0 [Note] InnoDB: trying to read page [page id: space=3, page number=1] in the background in a non-existing or being-dropped tablespace
2026-01-19 10:41:19 0 [ERROR] InnoDB: Expected tablespace id 3 but found 4294967294 in the file .\mysql\transaction_registry.ibd
2026-01-19 10:41:19 0 [Note] InnoDB: trying to read page [page id: space=3, page number=2] in the background in a non-existing or being-dropped tablespace
2026-01-19 10:41:19 0 [ERROR] InnoDB: Expected tablespace id 3 but found 4294967294 in the file .\mysql\transaction_registry.ibd
2026-01-19 10:41:19 0 [Note] InnoDB: trying to read page [page id: space=3, page number=3] in the background in a non-existing or being-dropped tablespace
2026-01-19 10:41:19 0 [ERROR] InnoDB: Expected tablespace id 3 but found 4294967294 in the file .\mysql\transaction_registry.ibd
2026-01-19 10:41:19 0 [Note] InnoDB: trying to read page [page id: space=3, page number=4] in the background in a non-existing or being-dropped tablespace
2026-01-19 10:41:19 0 [ERROR] InnoDB: Expected tablespace id 3 but found 4294967294 in the file .\mysql\transaction_registry.ibd
2026-01-19 10:41:19 0 [Note] InnoDB: trying to read page [page id: space=3, page number=5] in the background in a non-existing or being-dropped tablespace
2026-01-19 10:41:19 0 [ERROR] InnoDB: Expected tablespace id 3 but found 4294967294 in the file .\mysql\transaction_registry.ibd
2026-01-19 10:41:19 0 [Note] InnoDB: trying to read page [page id: space=3, page number=6] in the background in a non-existing or being-dropped tablespace
2026-01-19 10:41:19 0 [Note] Plugin 'FEEDBACK' is disabled.
2026-01-19 10:41:19 0 [Note] InnoDB: Buffer pool(s) load completed at 260119 10:41:19
2026-01-19 10:41:19 0 [Note] Server socket created on IP: '::'.
2026-01-19 10:41:19 0x12c102026-01-19 10:41:19 0x5fe4  InnoDB: Assertion failure in file D:\winx64-packages\build\src\storage\innobase\os\os0file.cc line 6132
InnoDB: Failing assertion: slot
InnoDB: We intentionally generate a memory trap.
InnoDB: Submit a detailed bug report to https://jira.mariadb.org/
InnoDB: If you get repeated assertion failures or crashes, even
InnoDB: immediately after the mysqld startup, there may be
InnoDB: corruption in the InnoDB tablespace. Please refer to
InnoDB: https://mariadb.com/kb/en/library/innodb-recovery-modes/
InnoDB: about forcing recovery.
  InnoDB: Assertion failure in file D:\winx64-packages\build\src\storage\innobase\os\os0file.cc line 6132
InnoDB: Failing assertion: slot
InnoDB: We intentionally generate a memory trap.
InnoDB: Submit a detailed bug report to https://jira.mariadb.org/
InnoDB: If you get repeated assertion failures or crashes, even
InnoDB: immediately after the mysqld startup, there may be
InnoDB: corruption in the InnoDB tablespace. Please refer to
InnoDB: https://mariadb.com/kb/en/library/innodb-recovery-modes/
InnoDB: about forcing recovery.
2026-01-19 10:41:24 0 [Note] Starting MariaDB 10.4.32-MariaDB source revision c4143f909528e3fab0677a28631d10389354c491 as process 79476
2026-01-19 10:41:25 0 [Note] InnoDB: Mutexes and rw_locks use Windows interlocked functions
2026-01-19 10:41:25 0 [Note] InnoDB: Uses event mutexes
2026-01-19 10:41:25 0 [Note] InnoDB: Compressed tables use zlib 1.3
2026-01-19 10:41:25 0 [Note] InnoDB: Number of pools: 1
2026-01-19 10:41:25 0 [Note] InnoDB: Using SSE2 crc32 instructions
2026-01-19 10:41:25 0 [Note] InnoDB: Initializing buffer pool, total size = 16M, instances = 1, chunk size = 16M
2026-01-19 10:41:25 0 [Note] InnoDB: Completed initialization of buffer pool
2026-01-19 10:41:25 0 [Note] InnoDB: Starting crash recovery from checkpoint LSN=2413432
2026-01-19 10:41:25 0 [Note] InnoDB: 128 out of 128 rollback segments are active.
2026-01-19 10:41:25 0 [Note] InnoDB: Removed temporary tablespace data file: "ibtmp1"
2026-01-19 10:41:25 0 [Note] InnoDB: Creating shared tablespace for temporary tables
2026-01-19 10:41:25 0 [Note] InnoDB: Setting file 'C:\xampp\mysql\data\ibtmp1' size to 12 MB. Physically writing the file full; Please wait ...
2026-01-19 10:41:25 0 [Note] InnoDB: File 'C:\xampp\mysql\data\ibtmp1' size is now 12 MB.
2026-01-19 10:41:25 0 [Note] InnoDB: Waiting for purge to start
2026-01-19 10:41:25 0 [Note] InnoDB: 10.4.32 started; log sequence number 2413441; transaction id 3273
2026-01-19 10:41:25 0 [Note] InnoDB: Loading buffer pool(s) from C:\xampp\mysql\data\ib_buffer_pool
2026-01-19 10:41:25 0 [Note] Plugin 'FEEDBACK' is disabled.
2026-01-19 10:41:25 0 [ERROR] InnoDB: Expected tablespace id 3 but found 4294967294 in the file .\mysql\transaction_registry.ibd
2026-01-19 10:41:25 0 [Note] Server socket created on IP: '::'.
2026-01-19 10:41:25 0 [Note] InnoDB: trying to read page [page id: space=3